Workbook
Name 돋움: #REF!
Name 돋움: #REF!
Name 돋움: #REF!
Name 돋움: #REF!
Name 돋움: #REF!
Name 돋움: #REF!
Name 돋움: #REF!
Name 돋움: #REF!
Name 돋움: #REF!

Sheet WLAN 2.4 GHz Legacy
B2: SISO (Antenna 1)
B3: 2.4 GHz Legacy
B4: Mode | C4: Freq. | D4: Channel | E4: Data Rate | F4: PLS | G4: Average Power(㏈m) | H4: Tune-Up Power(㏈m) | I4: Peak Gain(dBi) | J4: E.I.R.P
B5: 802.11b | C5: 2412 | D5: 1 | E5: 1 | F5: 18 | G5: 19.16 | H5: 20 | I5: -6.46 | J5: =G22+I5 -> 12.75
C6: 2442 | D6: 7 | E6: 1 | F6: 18 | G6: 19.41 | H6: 20 | I6: -6.46 | J6: =G23+I6 -> 12.37
C7: 2472 | D7: 13 | E7: 1 | F7: 18 | G7: 18.68 | H7: 20 | I7: -6.46 | J7: =G24+I7 -> 13.01
B8: 802.11g | C8: 2412 | D8: 1 | E8: 6 | F8: 16 | G8: 16.27 | H8: 20 | I8: -6.46 | J8: =G8+I8 -> 9.81
C9: 2442 | D9: 7 | E9: 6 | F9: 16 | G9: 15.74 | H9: 20 | I9: -6.46 | J9: =G9+I9 -> 9.28
C10: 2472 | D10: 13 | E10: 6 | F10: 16 | G10: 16.14 | H10: 20 | I10: -6.46 | J10: =G10+I10 -> 9.68
B11: 802.11n HT20 | C11: 2412 | D11: 1 | E11: MCS0 | F11: 16 | G11: 16.36 | H11: 20 | I11: -6.46 | J11: =G11+I11 -> 9.9
C12: 2442 | D12: 7 | E12: MCS0 | F12: 16 | G12: 15.83 | H12: 20 | I12: -6.46 | J12: =G12+I12 -> 9.37
C13: 2472 | D13: 13 | E13: MCS0 | F13: 16 | G13: 16.44 | H13: 20 | I13: -6.46 | J13: =G13+I13 -> 9.98
B14: 802.11n HT40 | C14: 2422 | D14: 3 | E14: MCS0 | F14: 16 | G14: 19.34 | H14: 20 | I14: -6.46 | J14: =G14+I14 -> 12.88
C15: 2442 | D15: 7 | E15: MCS0 | F15: 16 | G15: 19.21 | H15: 20 | I15: -6.46 | J15: =G15+I15 -> 12.75
C16: 2462 | D16: 11 | E16: MCS0 | F16: 16 | G16: 18.99 | H16: 20 | I16: -6.46 | J16: =G16+I16 -> 12.53
B19: SISO (Antenna 2)
B20: 2.4 GHz Legacy
B21: Mode | C21: Freq. | D21: Channel | E21: Data Rate | F21: PLS | G21: Average Power(㏈m) | H21: Tune-Up Power(㏈m) | I21: Peak Gain(dBi) | J21: E.I.R.P
B22: 802.11b | C22: 2412 | D22: 1 | E22: 1 | F22: 18 | G22: 19.21 | H22: 20 | I22: -6 | J22: =G22+I22 -> 13.21
C23: 2442 | D23: 7 | E23: 1 | F23: 18 | G23: 18.83 | H23: 20 | I23: -6 | J23: =G23+I23 -> 12.83
C24: 2472 | D24: 13 | E24: 1 | F24: 18 | G24: 19.47 | H24: 20 | I24: -6 | J24: =G24+I24 -> 13.47
B25: 802.11g | C25: 2412 | D25: 1 | E25: 6 | F25: 16 | G25: 16.04 | H25: 20 | I25: -6 | J25: =G25+I25 -> 10.04
C26: 2442 | D26: 7 | E26: 6 | F26: 16 | G26: 15.48 | H26: 20 | I26: -6 | J26: =G26+I26 -> 9.48
C27: 2472 | D27: 13 | E27: 6 | F27: 16 | G27: 15.81 | H27: 20 | I27: -6 | J27: =G27+I27 -> 9.81
B28: 802.11n HT20 | C28: 2412 | D28: 1 | E28: MCS0 | F28: 16 | G28: 15.86 | H28: 20 | I28: -6 | J28: =G28+I28 -> 9.86
C29: 2442 | D29: 7 | E29: MCS0 | F29: 16 | G29: 15.18 | H29: 20 | I29: -6 | J29: =G29+I29 -> 9.18
C30: 2472 | D30: 13 | E30: MCS0 | F30: 16 | G30: 15.52 | H30: 20 | I30: -6 | J30: =G30+I30 -> 9.52
B31: 802.11n HT40 | C31: 2422 | D31: 3 | E31: MCS0 | F31: 16 | G31: 15.48 | H31: 20 | I31: -6 | J31: =G31+I31 -> 9.48
C32: 2442 | D32: 7 | E32: MCS0 | F32: 16 | G32: 15.81 | H32: 20 | I32: -6 | J32: =G32+I32 -> 9.81
C33: 2462 | D33: 11 | E33: MCS0 | F33: 16 | G33: 15.86 | H33: 20 | I33: -6 | J33: =G33+I33 -> 9.86
B36: MIMO (Antenna 1 + Antenna 2)
B37: 2.4 GHz Legacy
B38: Mode | C38: Freq. | D38: Channel | E38: Data Rate | F38: Ant.1 PLS | G38: Ant.2 PLS | H38: Ant.1 Average Power(㏈m) | I38: Ant.2 Average Power(㏈m) | J38: Tune-Up Power(㏈m) | K38: Ant.1+Ant.2 Average Power(㏈m) | L38: Tune-Up Power(㏈m) | M38: Peak Gain(dBi) | N38: E.I.R.P
B39: 802.11b | C39: 2412 | D39: 1 | E39: 1 | F39: 18 | G39: 18 | H39: 19.16 | I39: 19.21 | J39: 19 | K39: =10*LOG10((10^(H39/10))+(10^(I39/10))) -> 22.195372 | L39: 23 | M39: -6.46 | N39: =K39+M39 -> 15.735372
C40: 2442 | D40: 7 | E40: 1 | F40: 18 | G40: 18 | H40: 19.41 | I40: 18.83 | J40: 19 | K40: =10*LOG10((10^(H40/10))+(10^(I40/10))) -> 22.139975 | L40: 23 | M40: -6.46 | N40: =K40+M40 -> 15.679975
C41: 2472 | D41: 13 | E41: 1 | F41: 18 | G41: 18 | H41: 18.68 | I41: 19.47 | J41: 19 | K41: =10*LOG10((10^(H41/10))+(10^(I41/10))) -> 22.103238 | L41: 23 | M41: -6.46 | N41: =K41+M41 -> 15.643238
B42: 802.11g | C42: 2412 | D42: 1 | E42: 9 | F42: 16 | G42: 16 | H42: 16.27 | I42: 16.04 | J42: 19 | K42: =10*LOG10((10^(H42/10))+(10^(I42/10))) -> 19.166822 | L42: 23 | M42: -6.46 | N42: =K42+M42 -> 12.706822
C43: 2442 | D43: 7 | E43: 9 | F43: 16 | G43: 16 | H43: 15.74 | I43: 15.48 | J43: 19 | K43: =10*LOG10((10^(H43/10))+(10^(I43/10))) -> 18.622245 | L43: 23 | M43: -6.46 | N43: =K43+M43 -> 12.162245
C44: 2472 | D44: 13 | E44: 9 | F44: 16 | G44: 16 | H44: 16.14 | I44: 15.81 | J44: 19 | K44: =10*LOG10((10^(H44/10))+(10^(I44/10))) -> 18.988434 | L44: 23 | M44: -6.46 | N44: =K44+M44 -> 12.528434
B45: 802.11n HT20 | C45: 2412 | D45: 1 | E45: MCS8 | F45: 16 | G45: 16 | H45: 16.36 | I45: 15.86 | J45: 19 | K45: =10*LOG10((10^(H45/10))+(10^(I45/10))) -> 19.127492 | L45: 23 | M45: -6.46 | N45: =K45+M45 -> 12.667492
C46: 2442 | D46: 7 | E46: MCS8 | F46: 16 | G46: 16 | H46: 15.83 | I46: 15.18 | J46: 19 | K46: =10*LOG10((10^(H46/10))+(10^(I46/10))) -> 18.527449 | L46: 23 | M46: -6.46 | N46: =K46+M46 -> 12.067449
C47: 2472 | D47: 13 | E47: MCS8 | F47: 16 | G47: 16 | H47: 16.44 | I47: 15.52 | J47: 19 | K47: =10*LOG10((10^(H47/10))+(10^(I47/10))) -> 19.014616 | L47: 23 | M47: -6.46 | N47: =K47+M47 -> 12.554616
B48: 802.11n HT40 | C48: 2422 | D48: 3 | E48: MCS8 | F48: 16 | G48: 16 | H48: 19.34 | I48: 15.48 | J48: 19 | K48: =10*LOG10((10^(H48/10))+(10^(I48/10))) -> 20.835731 | L48: 23 | M48: -6.46 | N48: =K48+M48 -> 14.375731
C49: 2442 | D49: 7 | E49: MCS8 | F49: 16 | G49: 16 | H49: 19.21 | I49: 15.81 | J49: 19 | K49: =10*LOG10((10^(H49/10))+(10^(I49/10))) -> 20.844858 | L49: 23 | M49: -6.46 | N49: =K49+M49 -> 14.384858
C50: 2462 | D50: 11 | E50: MCS8 | F50: 16 | G50: 16 | H50: 18.99 | I50: 15.86 | J50: 19 | K50: =10*LOG10((10^(H50/10))+(10^(I50/10))) -> 20.711378 | L50: 23 | M50: -6.46 | N50: =K50+M50 -> 14.251378

Sheet WLAN 5 GHz Legacy
BF1: =COUNTBLANK(AL54:AL64) -> 0 | BG1: =COUNTBLANK(AM54:AM64) -> 0
B2: SISO (Antenna 1)
B3: 5.2 &5.3 GHz Legacy | Q3: 5.5 & 5.6 GHz Legacy | AF3: 5.8 GHz Legacy
B4: Mode | C4: Freq. | D4: Channel | E4: Data Rate | F4: PLS | G4: Average Power(㏈m) | H4: Tune-Up Power(㏈m) | I4: Peak Gain(dBi) | J4: E.I.R.P | Q4: Mode | R4: Freq. | S4: Channel | T4: Data Rate | U4: PLS | V4: Average Power(㏈m) | W4: Tune-Up Power(㏈m) | X4: Peak Gain(dBi) | Y4: E.I.R.P | AF4: Mode | AG4: Freq. | AH4: Channel | AI4: Data Rate | AJ4: PLS | AK4: Average Power(㏈m) | AL4: Tune-Up Power(㏈m) | AM4: Peak Gain(dBi) | AN4: E.I.R.P
B5: 802.11a | C5: 5180 | D5: 36 | E5: 6 | F5: 16 | G5: 16.07 | H5: 17 | I5: -0.8 | J5: =I5+G5 -> 15.27 | Q5: 802.11a | R5: 5500 | S5: 100 | T5: 6 | U5: 16 | V5: 15.27 | W5: 17 | X5: -4.2 | Y5: =X5+V5 -> 11.07 | AF5: 802.11a | AG5: 5745 | AH5: 149 | AI5: 6 | AJ5: 16 | AK5: 9.31 | AL5: 17 | AM5: -3.2 | AN5: =AM5+AK5 -> 6.11
C6: 5260 | D6: 52 | E6: 6 | F6: 16 | G6: 16.07 | H6: 17 | I6: -0.8 | J6: =I6+G6 -> 15.27 | R6: 5600 | S6: 120 | T6: 6 | U6: 16 | V6: 15.27 | W6: 17 | X6: -4.2 | Y6: =X6+V6 -> 11.07 | AG6: 5785 | AH6: 157 | AI6: 6 | AJ6: 16 | AK6: 9.2 | AL6: 17 | AM6: -3.2 | AN6: =AM6+AK6 -> 6
C7: 5320 | D7: 64 | E7: 6 | F7: 16 | G7: 16.19 | H7: 17 | I7: -0.8 | J7: =I7+G7 -> 15.39 | R7: 5700 | S7: 140 | T7: 6 | U7: 16 | V7: 15.13 | W7: 17 | X7: -4.2 | Y7: =X7+V7 -> 10.93 | AG7: 5825 | AH7: 165 | AI7: 6 | AJ7: 16 | AK7: 9.63 | AL7: 17 | AM7: -3.2 | AN7: =AM7+AK7 -> 6.43
B8: 802.11n HT20 | C8: 5180 | D8: 36 | E8: MCS0 | F8: 16 | G8: 15.54 | H8: 17 | I8: -0.8 | J8: =I8+G8 -> 14.74 | Q8: 802.11n HT20 | R8: 5500 | S8: 100 | T8: MCS0 | U8: 16 | V8: 15.43 | W8: 17 | X8: -4.2 | Y8: =X8+V8 -> 11.23 | AF8: 802.11n HT20 | AG8: 5745 | AH8: 149 | AI8: MCS0 | AJ8: 16 | AK8: 9.52 | AL8: 17 | AM8: -3.2 | AN8: =AM8+AK8 -> 6.32
C9: 5260 | D9: 52 | E9: MCS0 | F9: 16 | G9: 16.32 | H9: 17 | I9: -0.8 | J9: =I9+G9 -> 15.52 | R9: 5600 | S9: 120 | T9: MCS0 | U9: 16 | V9: 15.41 | W9: 17 | X9: -4.2 | Y9: =X9+V9 -> 11.21 | AG9: 5785 | AH9: 157 | AI9: MCS0 | AJ9: 16 | AK9: 9.42 | AL9: 17 | AM9: -3.2 | AN9: =AM9+AK9 -> 6.22
C10: 5320 | D10: 64 | E10: MCS0 | F10: 16 | G10: 16.27 | H10: 17 | I10: -0.8 | J10: =I10+G10 -> 15.47 | R10: 5700 | S10: 140 | T10: MCS0 | U10: 16 | V10: 15.33 | W10: 17 | X10: -4.2 | Y10: =X10+V10 -> 11.13 | AG10: 5825 | AH10: 165 | AI10: MCS0 | AJ10: 16 | AK10: 9.79 | AL10: 17 | AM10: -3.2 | AN10: =AM10+AK10 -> 6.59
B11: 802.11n HT40 | C11: 5190 | D11: 38 | E11: MCS0 | F11: 16 | G11: 15.61 | H11: 17 | I11: -0.8 | J11: =I11+G11 -> 14.81 | Q11: 802.11n HT40 | R11: 5510 | S11: 102 | T11: MCS0 | U11: 16 | V11: 15.58 | W11: 17 | X11: -4.2 | Y11: =X11+V11 -> 11.38 | AF11: 802.11n HT40 | AG11: 5755 | AH11: 151 | AI11: MCS0 | AJ11: 16 | AK11: 9.27 | AL11: 17 | AM11: -3.2 | AN11: =AM11+AK11 -> 6.07
C12: 5270 | D12: 54 | E12: MCS0 | F12: 16 | G12: 14.3 | H12: 17 | I12: -0.8 | J12: =I12+G12 -> 13.5 | R12: 5590 | S12: 118 | T12: MCS0 | U12: 16 | V12: 14.39 | W12: 17 | X12: -4.2 | Y12: =X12+V12 -> 10.19 | AG12: 5795 | AH12: 159 | AI12: MCS0 | AJ12: 16 | AK12: 9.25 | AL12: 17 | AM12: -3.2 | AN12: =AM12+AK12 -> 6.05
C13: 5310 | D13: 62 | E13: MCS0 | F13: 16 | G13: 14.87 | H13: 17 | I13: -0.8 | J13: =I13+G13 -> 14.07 | R13: 5670 | S13: 134 | T13: MCS0 | U13: 16 | V13: 14.8 | W13: 17 | X13: -4.2 | Y13: =X13+V13 -> 10.6 | AF13: 802.11ac VHT20 | AG13: 5745 | AH13: 149 | AI13: MCS0 | AJ13: 16 | AK13: 9.6 | AL13: 17 | AM13: -3.2 | AN13: =AM13+AK13 -> 6.4
B14: 802.11ac VHT20 | C14: 5180 | D14: 36 | E14: MCS0 | F14: 16 | G14: 13.92 | H14: 17 | I14: -0.8 | J14: =I14+G14 -> 13.12 | Q14: 802.11ac VHT20 | R14: 5500 | S14: 100 | T14: MCS0 | U14: 16 | V14: 15.32 | W14: 17 | X14: -4.2 | Y14: =X14+V14 -> 11.12 | AG14: 5785 | AH14: 157 | AI14: MCS0 | AJ14: 16 | AK14: 9.58 | AL14: 17 | AM14: -3.2 | AN14: =AM14+AK14 -> 6.38
C15: 5260 | D15: 52 | E15: MCS0 | F15: 16 | G15: 16.25 | H15: 17 | I15: -0.8 | J15: =I15+G15 -> 15.45 | R15: 5600 | S15: 120 | T15: MCS0 | U15: 16 | V15: 15.4 | W15: 17 | X15: -4.2 | Y15: =X15+V15 -> 11.2 | AG15: 5825 | AH15: 165 | AI15: MCS0 | AJ15: 16 | AK15: 9.76 | AL15: 17 | AM15: -3.2 | AN15: =AM15+AK15 -> 6.56
C16: 5320 | D16: 64 | E16: MCS0 | F16: 16 | G16: 16.27 | H16: 17 | I16: -0.8 | J16: =I16+G16 -> 15.47 | R16: 5700 | S16: 140 | T16: MCS0 | U16: 16 | V16: 15.32 | W16: 17 | X16: -4.2 | Y16: =X16+V16 -> 11.12 | AF16: 802.11ac VHT40 | AG16: 5755 | AH16: 151 | AI16: MCS0 | AJ16: 16 | AK16: 9.56 | AL16: 17 | AM16: -3.2 | AN16: =AM16+AK16 -> 6.36
B17: 802.11ac VHT40 | C17: 5190 | D17: 38 | E17: MCS0 | F17: 16 | G17: 15.51 | H17: 17 | I17: -0.8 | J17: =I17+G17 -> 14.71 | Q17: 802.11ac VHT40 | R17: 5510 | S17: 102 | T17: MCS0 | U17: 16 | V17: 15.55 | W17: 17 | X17: -4.2 | Y17: =X17+V17 -> 11.35 | AG17: 5795 | AH17: 159 | AI17: MCS0 | AJ17: 16 | AK17: 9.31 | AL17: 17 | AM17: -3.2 | AN17: =AM17+AK17 -> 6.11
C18: 5270 | D18: 54 | E18: MCS0 | F18: 16 | G18: 14.41 | H18: 17 | I18: -0.8 | J18: =I18+G18 -> 13.61 | R18: 5590 | S18: 118 | T18: MCS0 | U18: 16 | V18: 14.28 | W18: 17 | X18: -4.2 | Y18: =X18+V18 -> 10.08 | AF18: 802.11ac VHT80 | AG18: 5775 | AH18: 155 | AI18: MCS0 | AJ18: 16 | AK18: 9.31 | AL18: 17 | AM18: -3.2 | AN18: =AM18+AK18 -> 6.11
C19: 5310 | D19: 62 | E19: MCS0 | F19: 16 | G19: 14.59 | H19: 17 | I19: -0.8 | J19: =I19+G19 -> 13.79 | R19: 5670 | S19: 134 | T19: MCS0 | U19: 16 | V19: 14.61 | W19: 17 | X19: -4.2 | Y19: =X19+V19 -> 10.41
B20: 802.11ac VHT80 | C20: 5210 | D20: 42 | E20: MCS0 | F20: 16 | G20: 13.9 | H20: 17 | I20: -0.8 | J20: =I20+G20 -> 13.1 | Q20: 802.11ac VHT80 | R20: 5530 | S20: 106 | T20: MCS0 | U20: 16 | V20: 15.13 | W20: 17 | X20: -4.2 | Y20: =X20+V20 -> 10.93
C21: 5290 | D21: 58 | E21: MCS0 | F21: 16 | G21: 13.49 | H21: 17 | I21: -0.8 | J21: =I21+G21 -> 12.69 | R21: 5610 | S21: 122 | T21: MCS0 | U21: 16 | V21: 13.43 | W21: 17 | X21: -4.2 | Y21: =X21+V21 -> 9.23
B22: 802.11ac VHT160 | C22: 5250 | D22: 50 | E22: MCS0 | F22: 16 | G22: 13.59 | H22: 17 | I22: -0.8 | J22: =I22+G22 -> 12.79 | Q22: 802.11ac VHT160 | R22: 5570 | S22: 114 | T22: MCS0 | U22: 16 | V22: 13.36 | W22: 17 | X22: -4.2 | Y22: =X22+V22 -> 9.16
B25: SISO (Antenna 2)
B26: 5.2 &5.3 GHz Legacy | Q26: 5.5 & 5.6 GHz Legacy | AF26: 5.8 GHz Legacy
B27: Mode | C27: Freq. | D27: Channel | E27: Data Rate | F27: PLS | G27: Average Power(㏈m) | H27: Tune-Up Power(㏈m) | I27: Peak Gain(dBi) | J27: E.I.R.P | Q27: Mode | R27: Freq. | S27: Channel | T27: Data Rate | U27: PLS | V27: Average Power(㏈m) | W27: Tune-Up Power(㏈m) | X27: Peak Gain(dBi) | Y27: E.I.R.P | AF27: Mode | AG27: Freq. | AH27: Channel | AI27: Data Rate | AJ27: PLS | AK27: Average Power(㏈m) | AL27: Tune-Up Power(㏈m) | AM27: Peak Gain(dBi) | AN27: E.I.R.P
B28: 802.11a | C28: 5180 | D28: 36 | E28: 6 | F28: 16 | G28: 16.35 | H28: 17 | I28: -1.2 | J28: =G28+I28 -> 15.15 | Q28: 802.11a | R28: 5500 | S28: 100 | T28: 6 | U28: 16 | V28: 15.85 | W28: 17 | X28: -1 | Y28: =V28+X28 -> 14.85 | AF28: 802.11a | AG28: 5745 | AH28: 149 | AI28: 6 | AJ28: 16 | AK28: 8.84 | AL28: 17 | AM28: -2.4 | AN28: =AK28+AM28 -> 6.44
C29: 5260 | D29: 52 | E29: 6 | F29: 16 | G29: 16.35 | H29: 17 | I29: -1.2 | J29: =G29+I29 -> 15.15 | R29: 5600 | S29: 120 | T29: 6 | U29: 16 | V29: 15.85 | W29: 17 | X29: -1 | Y29: =V29+X29 -> 14.85 | AG29: 5785 | AH29: 157 | AI29: 6 | AJ29: 16 | AK29: 8.42 | AL29: 17 | AM29: -2.4 | AN29: =AK29+AM29 -> 6.02
C30: 5320 | D30: 64 | E30: 6 | F30: 16 | G30: 15.93 | H30: 17 | I30: -1.2 | J30: =G30+I30 -> 14.73 | R30: 5700 | S30: 140 | T30: 6 | U30: 16 | V30: 15.98 | W30: 17 | X30: -1 | Y30: =V30+X30 -> 14.98 | AG30: 5825 | AH30: =AH7 -> 165 | AI30: 6 | AJ30: 16 | AK30: 8.23 | AL30: 17 | AM30: -2.4 | AN30: =AK30+AM30 -> 5.83
B31: 802.11n HT20 | C31: 5180 | D31: 36 | E31: MCS0 | F31: 16 | G31: 15.99 | H31: 17 | I31: -1.2 | J31: =G31+I31 -> 14.79 | Q31: 802.11n HT20 | R31: 5500 | S31: 100 | T31: MCS0 | U31: 16 | V31: 15.13 | W31: 17 | X31: -1 | Y31: =V31+X31 -> 14.13 | AF31: 802.11n HT20 | AG31: 5745 | AH31: 149 | AI31: MCS0 | AJ31: 16 | AK31: 8.83 | AL31: 17 | AM31: -2.4 | AN31: =AK31+AM31 -> 6.43
C32: 5260 | D32: 52 | E32: MCS0 | F32: 16 | G32: 16.44 | H32: 17 | I32: -1.2 | J32: =G32+I32 -> 15.24 | R32: 5600 | S32: 120 | T32: MCS0 | U32: 16 | V32: 16.09 | W32: 17 | X32: -1 | Y32: =V32+X32 -> 15.09 | AG32: 5785 | AH32: 157 | AI32: MCS0 | AJ32: 16 | AK32: 8.53 | AL32: 17 | AM32: -2.4 | AN32: =AK32+AM32 -> 6.13
C33: 5320 | D33: 64 | E33: MCS0 | F33: 16 | G33: 15.91 | H33: 17 | I33: -1.2 | J33: =G33+I33 -> 14.71 | R33: 5700 | S33: 140 | T33: MCS0 | U33: 16 | V33: 16.08 | W33: 17 | X33: -1 | Y33: =V33+X33 -> 15.08 | AG33: 5825 | AH33: =AH30 -> 165 | AI33: MCS0 | AJ33: 16 | AK33: 7.92 | AL33: 17 | AM33: -2.4 | AN33: =AK33+AM33 -> 5.52
B34: 802.11n HT40 | C34: 5190 | D34: 38 | E34: MCS0 | F34: 16 | G34: 16.15 | H34: 17 | I34: -1.2 | J34: =G34+I34 -> 14.95 | Q34: 802.11n HT40 | R34: 5510 | S34: 102 | T34: MCS0 | U34: 16 | V34: 15.57 | W34: 17 | X34: -1 | Y34: =V34+X34 -> 14.57 | AF34: 802.11n HT40 | AG34: 5755 | AH34: 151 | AI34: MCS0 | AJ34: 16 | AK34: 8.8 | AL34: 17 | AM34: -2.4 | AN34: =AK34+AM34 -> 6.4
C35: 5270 | D35: 54 | E35: MCS0 | F35: 16 | G35: 14.47 | H35: 17 | I35: -1.2 | J35: =G35+I35 -> 13.27 | R35: 5590 | S35: 118 | T35: MCS0 | U35: 16 | V35: 14.94 | W35: 17 | X35: -1 | Y35: =V35+X35 -> 13.94 | AG35: 5795 | AH35: 159 | AI35: MCS0 | AJ35: 16 | AK35: 8.33 | AL35: 17 | AM35: -2.4 | AN35: =AK35+AM35 -> 5.93
C36: 5310 | D36: 62 | E36: MCS0 | F36: 16 | G36: 14.32 | H36: 17 | I36: -1.2 | J36: =G36+I36 -> 13.12 | R36: 5670 | S36: 134 | T36: MCS0 | U36: 16 | V36: 14.88 | W36: 17 | X36: -1 | Y36: =V36+X36 -> 13.88 | AF36: 802.11ac VHT20 | AG36: 5745 | AH36: 149 | AI36: MCS0 | AJ36: 16 | AK36: 8.82 | AL36: 17 | AM36: -2.4 | AN36: =AK36+AM36 -> 6.42
B37: 802.11ac VHT20 | C37: 5180 | D37: 36 | E37: MCS0 | F37: 16 | G37: 14.37 | H37: 17 | I37: -1.2 | J37: =G37+I37 -> 13.17 | Q37: 802.11ac VHT20 | R37: 5500 | S37: 100 | T37: MCS0 | U37: 16 | V37: 14.79 | W37: 17 | X37: -1 | Y37: =V37+X37 -> 13.79 | AG37: 5785 | AH37: 157 | AI37: MCS0 | AJ37: 16 | AK37: 8.56 | AL37: 17 | AM37: -2.4 | AN37: =AK37+AM37 -> 6.16
C38: 5260 | D38: 52 | E38: MCS0 | F38: 16 | G38: 16.37 | H38: 17 | I38: -1.2 | J38: =G38+I38 -> 15.17 | R38: 5600 | S38: 120 | T38: MCS0 | U38: 16 | V38: 16 | W38: 17 | X38: -1 | Y38: =V38+X38 -> 15 | AG38: 5825 | AH38: =AH33 -> 165 | AI38: MCS0 | AJ38: 16 | AK38: 8.12 | AL38: 17 | AM38: -2.4 | AN38: =AK38+AM38 -> 5.72
C39: 5320 | D39: 64 | E39: MCS0 | F39: 16 | G39: 16.04 | H39: 17 | I39: -1.2 | J39: =G39+I39 -> 14.84 | R39: 5700 | S39: 140 | T39: MCS0 | U39: 16 | V39: 16.08 | W39: 17 | X39: -1 | Y39: =V39+X39 -> 15.08 | AF39: 802.11ac VHT40 | AG39: 5755 | AH39: 151 | AI39: MCS0 | AJ39: 16 | AK39: 8.83 | AL39: 17 | AM39: -2.4 | AN39: =AK39+AM39 -> 6.43
B40: 802.11ac VHT40 | C40: 5190 | D40: 38 | E40: MCS0 | F40: 16 | G40: 16.03 | H40: 17 | I40: -1.2 | J40: =G40+I40 -> 14.83 | Q40: 802.11ac VHT40 | R40: 5510 | S40: 102 | T40: MCS0 | U40: 16 | V40: 15.33 | W40: 17 | X40: -1 | Y40: =V40+X40 -> 14.33 | AG40: 5795 | AH40: 159 | AI40: MCS0 | AJ40: 16 | AK40: 8.26 | AL40: 17 | AM40: -2.4 | AN40: =AK40+AM40 -> 5.86
C41: 5270 | D41: 54 | E41: MCS0 | F41: 16 | G41: 13.93 | H41: 17 | I41: -1.2 | J41: =G41+I41 -> 12.73 | R41: 5590 | S41: 118 | T41: MCS0 | U41: 16 | V41: 15.42 | W41: 17 | X41: -1 | Y41: =V41+X41 -> 14.42 | AF41: 802.11ac VHT80 | AG41: 5775 | AH41: 155 | AI41: MCS0 | AJ41: 16 | AK41: 8.61 | AL41: 17 | AM41: -2.4 | AN41: =AK41+AM41 -> 6.21
C42: 5310 | D42: 62 | E42: MCS0 | F42: 16 | G42: 14.32 | H42: 17 | I42: -1.2 | J42: =G42+I42 -> 13.12 | R42: 5670 | S42: 134 | T42: MCS0 | U42: 16 | V42: 15.55 | W42: 17 | X42: -1 | Y42: =V42+X42 -> 14.55
B43: 802.11ac VHT80 | C43: 5210 | D43: 42 | E43: MCS0 | F43: 16 | G43: 14.61 | H43: 17 | I43: -1.2 | J43: =G43+I43 -> 13.41 | Q43: 802.11ac VHT80 | R43: 5530 | S43: 106 | T43: MCS0 | U43: 16 | V43: 15.38 | W43: 17 | X43: -1 | Y43: =V43+X43 -> 14.38
C44: 5290 | D44: 58 | E44: MCS0 | F44: 16 | G44: 12.86 | H44: 17 | I44: -1.2 | J44: =G44+I44 -> 11.66 | R44: 5610 | S44: 122 | T44: MCS0 | U44: 16 | V44: 14 | W44: 17 | X44: -1 | Y44: =V44+X44 -> 13
B45: 802.11ac VHT160 | C45: 5250 | D45: 50 | E45: MCS0 | F45: 16 | G45: 13.53 | H45: 17 | I45: -1.2 | J45: =G45+I45 -> 12.33 | Q45: 802.11ac VHT160 | R45: 5570 | S45: 114 | T45: MCS0 | U45: 16 | V45: 14 | W45: 17 | X45: -1 | Y45: =V45+X45 -> 13
B48: MIMO (Antenna 1 + Antenna 2)
B49: 5.2 &5.3 GHz Legacy | Q49: 5.5 & 5.6 GHz Legacy | AF49: 5.8 GHz Legacy
B50: Mode | C50: Freq. | D50: Channel | E50: Data Rate | F50: Ant.1 PLS | G50: Ant.2 PLS | H50: Ant.1 Average Power(㏈m) | I50: Ant.2 Average Power(㏈m) | J50: Tune-Up Power(㏈m) | K50: Ant.1+Ant.2 Average Power(㏈m) | L50: Tune-Up Power(㏈m) | M50: Peak Gain(dBi) | N50: E.I.R.P | Q50: Mode | R50: Freq. | S50: Channel | T50: Data Rate | U50: Ant.1 PLS | V50: Ant.2 PLS | W50: Ant.1 Average Power(㏈m) | X50: Ant.2 Average Power(㏈m) | Y50: Tune-Up Power(㏈m) | Z50: Ant.1+Ant.2 Average Power(㏈m) | AA50: Tune-Up Power(㏈m) | AB50: Peak Gain(dBi) | AC50: E.I.R.P | AF50: Mode | AG50: Freq. | AH50: Channel | AI50: Data Rate | AJ50: Ant.1 PLS | AK50: Ant.2 PLS | AL50: Ant.1 Average Power(㏈m) | AM50: Ant.2 Average Power(㏈m) | AN50: Tune-Up Power(㏈m) | AO50: Ant.1+Ant.2 Average Power(㏈m) | AP50: Tune-Up Power(㏈m) | AQ50: Peak Gain(dBi) | AR50: E.I.R.P
B51: 802.11a | C51: 5180 | D51: 36 | E51: 6 | F51: 16 | G51: 16 | H51: 16.07 | I51: 16.35 | J51: 17 | K51: =10*LOG10((10^(H51/10))+(10^(I51/10))) -> 19.222556 | L51: =10*LOG10((10^(J51/10))*2) -> 20.0103 | M51: -1.2 | N51: =K51+M51 -> 18.022556 | Q51: 802.11a | R51: 5180 | S51: 36 | T51: 6 | U51: 16 | V51: 16 | W51: 15.27 | X51: 15.85 | Y51: 17 | Z51: =10*LOG10((10^(W51/10))+(10^(X51/10))) -> 18.579975 | AA51: =10*LOG10((10^(Y51/10))*2) -> 20.0103 | AB51: -1 | AC51: =Z51+AB51 -> 17.579975 | AF51: 802.11a | AG51: 5180 | AH51: 36 | AI51: 6 | AJ51: 16 | AK51: 16 | AL51: 9.31 | AM51: 8.84 | AN51: 17 | AO51: =10*LOG10((10^(AL51/10))+(10^(AM51/10))) -> 12.091655 | AP51: =10*LOG10((10^(AN51/10))*2) -> 20.0103 | AQ51: -3.2 | AR51: =AO51+AQ51 -> 8.8916549
C52: 5260 | D52: 52 | E52: 6 | F52: 16 | G52: 16 | H52: 16.07 | I52: 16.35 | J52: 17 | K52: =10*LOG10((10^(H52/10))+(10^(I52/10))) -> 19.222556 | L52: =10*LOG10((10^(J52/10))*2) -> 20.0103 | M52: -1.2 | N52: =K52+M52 -> 18.022556 | R52: 5260 | S52: 52 | T52: 6 | U52: 16 | V52: 16 | W52: 15.27 | X52: 15.85 | Y52: 17 | Z52: =10*LOG10((10^(W52/10))+(10^(X52/10))) -> 18.579975 | AA52: =10*LOG10((10^(Y52/10))*2) -> 20.0103 | AB52: -1 | AC52: =Z52+AB52 -> 17.579975 | AG52: 5260 | AH52: 52 | AI52: 6 | AJ52: 16 | AK52: 16 | AL52: 9.2 | AM52: 8.42 | AN52: 17 | AO52: =10*LOG10((10^(AL52/10))+(10^(AM52/10))) -> 11.837788 | AP52: =10*LOG10((10^(AN52/10))*2) -> 20.0103 | AQ52: -3.2 | AR52: =AO52+AQ52 -> 8.6377876
C53: 5320 | D53: 64 | E53: 6 | F53: 16 | G53: 16 | H53: 16.19 | I53: 15.93 | J53: 17 | K53: =10*LOG10((10^(H53/10))+(10^(I53/10))) -> 19.072245 | L53: =10*LOG10((10^(J53/10))*2) -> 20.0103 | M53: -1.2 | N53: =K53+M53 -> 17.872245 | R53: 5320 | S53: 64 | T53: 6 | U53: 16 | V53: 16 | W53: 15.13 | X53: 15.98 | Y53: 17 | Z53: =10*LOG10((10^(W53/10))+(10^(X53/10))) -> 18.586062 | AA53: =10*LOG10((10^(Y53/10))*2) -> 20.0103 | AB53: -1 | AC53: =Z53+AB53 -> 17.586062 | AG53: 5320 | AH53: 64 | AI53: 6 | AJ53: 16 | AK53: 16 | AL53: 9.63 | AM53: 8.23 | AN53: 17 | AO53: =10*LOG10((10^(AL53/10))+(10^(AM53/10))) -> 11.996471 | AP53: =10*LOG10((10^(AN53/10))*2) -> 20.0103 | AQ53: -3.2 | AR53: =AO53+AQ53 -> 8.7964707
B54: 802.11n HT20 | C54: 5180 | D54: 36 | E54: MCS8 | F54: 16 | G54: 16 | H54: 15.54 | I54: 15.99 | J54: 17 | K54: =10*LOG10((10^(H54/10))+(10^(I54/10))) -> 18.781126 | L54: =10*LOG10((10^(J54/10))*2) -> 20.0103 | M54: -1.2 | N54: =K54+M54 -> 17.581126 | Q54: 802.11n HT20 | R54: 5500 | S54: 100 | T54: MCS8 | U54: 16 | V54: 16 | W54: 15.43 | X54: 15.13 | Y54: 17 | Z54: =10*LOG10((10^(W54/10))+(10^(X54/10))) -> 18.29289 | AA54: =10*LOG10((10^(Y54/10))*2) -> 20.0103 | AB54: -1 | AC54: =Z54+AB54 -> 17.29289 | AF54: 802.11n HT20 | AG54: 5745 | AH54: 149 | AI54: MCS8 | AJ54: 16 | AK54: 16 | AL54: 9.52 | AM54: 8.83 | AN54: 17 | AO54: =10*LOG10((10^(AL54/10))+(10^(AM54/10))) -> 12.198989 | AP54: =10*LOG10((10^(AN54/10))*2) -> 20.0103 | AQ54: -3.2 | AR54: =AO54+AQ54 -> 8.9989888
C55: 5260 | D55: 52 | E55: MCS8 | F55: 16 | G55: 16 | H55: 16.32 | I55: 16.44 | J55: 17 | K55: =10*LOG10((10^(H55/10))+(10^(I55/10))) -> 19.390714 | L55: =10*LOG10((10^(J55/10))*2) -> 20.0103 | M55: -1.2 | N55: =K55+M55 -> 18.190714 | R55: 5600 | S55: 120 | T55: MCS8 | U55: 16 | V55: 16 | W55: 15.41 | X55: 16.09 | Y55: 17 | Z55: =10*LOG10((10^(W55/10))+(10^(X55/10))) -> 18.773595 | AA55: =10*LOG10((10^(Y55/10))*2) -> 20.0103 | AB55: -1 | AC55: =Z55+AB55 -> 17.773595 | AG55: 5785 | AH55: 157 | AI55: MCS8 | AJ55: 16 | AK55: 16 | AL55: 9.42 | AM55: 8.53 | AN55: 17 | AO55: =10*LOG10((10^(AL55/10))+(10^(AM55/10))) -> 12.008059 | AP55: =10*LOG10((10^(AN55/10))*2) -> 20.0103 | AQ55: -3.2 | AR55: =AO55+AQ55 -> 8.8080586
C56: 5320 | D56: 64 | E56: MCS8 | F56: 16 | G56: 16 | H56: 16.27 | I56: 15.91 | J56: 17 | K56: =10*LOG10((10^(H56/10))+(10^(I56/10))) -> 19.104029 | L56: =10*LOG10((10^(J56/10))*2) -> 20.0103 | M56: -1.2 | N56: =K56+M56 -> 17.904029 | R56: 5700 | S56: 140 | T56: MCS8 | U56: 16 | V56: 16 | W56: 15.33 | X56: 16.08 | Y56: 17 | Z56: =10*LOG10((10^(W56/10))+(10^(X56/10))) -> 18.73147 | AA56: =10*LOG10((10^(Y56/10))*2) -> 20.0103 | AB56: -1 | AC56: =Z56+AB56 -> 17.73147 | AG56: 5825 | AH56: 165 | AI56: MCS8 | AJ56: 16 | AK56: 16 | AL56: 9.79 | AM56: 7.92 | AN56: 17 | AO56: =10*LOG10((10^(AL56/10))+(10^(AM56/10))) -> 11.965181 | AP56: =10*LOG10((10^(AN56/10))*2) -> 20.0103 | AQ56: -3.2 | AR56: =AO56+AQ56 -> 8.7651808
B57: 802.11n HT40 | C57: 5190 | D57: 38 | E57: MCS8 | F57: 16 | G57: 16 | H57: 15.61 | I57: 16.15 | J57: 17 | K57: =10*LOG10((10^(H57/10))+(10^(I57/10))) -> 18.898687 | L57: =10*LOG10((10^(J57/10))*2) -> 20.0103 | M57: -1.2 | N57: =K57+M57 -> 17.698687 | Q57: 802.11n HT40 | R57: 5510 | S57: 102 | T57: MCS8 | U57: 16 | V57: 16 | W57: 15.58 | X57: 15.57 | Y57: 17 | Z57: =10*LOG10((10^(W57/10))+(10^(X57/10))) -> 18.585303 | AA57: =10*LOG10((10^(Y57/10))*2) -> 20.0103 | AB57: -1 | AC57: =Z57+AB57 -> 17.585303 | AF57: 802.11n HT40 | AG57: 5755 | AH57: 151 | AI57: MCS8 | AJ57: 16 | AK57: 16 | AL57: 9.27 | AM57: 8.8 | AN57: 17 | AO57: =10*LOG10((10^(AL57/10))+(10^(AM57/10))) -> 12.051655 | AP57: =10*LOG10((10^(AN57/10))*2) -> 20.0103 | AQ57: -3.2 | AR57: =AO57+AQ57 -> 8.8516549
C58: 5270 | D58: 54 | E58: MCS8 | F58: 16 | G58: 16 | H58: 14.3 | I58: 14.47 | J58: 17 | K58: =10*LOG10((10^(H58/10))+(10^(I58/10))) -> 17.396132 | L58: =10*LOG10((10^(J58/10))*2) -> 20.0103 | M58: -1.2 | N58: =K58+M58 -> 16.196132 | R58: 5590 | S58: 118 | T58: MCS8 | U58: 16 | V58: 16 | W58: 14.39 | X58: 14.94 | Y58: 17 | Z58: =10*LOG10((10^(W58/10))+(10^(X58/10))) -> 17.684001 | AA58: =10*LOG10((10^(Y58/10))*2) -> 20.0103 | AB58: -1 | AC58: =Z58+AB58 -> 16.684001 | AG58: 5795 | AH58: 159 | AI58: MCS8 | AJ58: 16 | AK58: 16 | AL58: 9.25 | AM58: 8.33 | AN58: 17 | AO58: =10*LOG10((10^(AL58/10))+(10^(AM58/10))) -> 11.824616 | AP58: =10*LOG10((10^(AN58/10))*2) -> 20.0103 | AQ58: -3.2 | AR58: =AO58+AQ58 -> 8.6246159
C59: 5310 | D59: 62 | E59: MCS8 | F59: 16 | G59: 16 | H59: 14.87 | I59: 14.32 | J59: 17 | K59: =10*LOG10((10^(H59/10))+(10^(I59/10))) -> 17.614001 | L59: =10*LOG10((10^(J59/10))*2) -> 20.0103 | M59: -1.2 | N59: =K59+M59 -> 16.414001 | R59: 5670 | S59: 134 | T59: MCS8 | U59: 16 | V59: 16 | W59: 14.8 | X59: 14.88 | Y59: 17 | Z59: =10*LOG10((10^(W59/10))+(10^(X59/10))) -> 17.850484 | AA59: =10*LOG10((10^(Y59/10))*2) -> 20.0103 | AB59: -1 | AC59: =Z59+AB59 -> 16.850484 | AF59: 802.11ac VHT20 | AG59: 5745 | AH59: 149 | AI59: MCS0 | AJ59: 16 | AK59: 16 | AL59: 9.6 | AM59: 8.82 | AN59: 17 | AO59: =10*LOG10((10^(AL59/10))+(10^(AM59/10))) -> 12.237788 | AP59: =10*LOG10((10^(AN59/10))*2) -> 20.0103 | AQ59: -3.2 | AR59: =AO59+AQ59 -> 9.0377876
B60: 802.11ac VHT20 | C60: 5180 | D60: 36 | E60: MCS0 | F60: 16 | G60: 16 | H60: 13.92 | I60: 14.37 | J60: 17 | K60: =10*LOG10((10^(H60/10))+(10^(I60/10))) -> 17.161126 | L60: =10*LOG10((10^(J60/10))*2) -> 20.0103 | M60: -1.2 | N60: =K60+M60 -> 15.961126 | Q60: 802.11ac VHT20 | R60: 5500 | S60: 100 | T60: MCS0 | U60: 16 | V60: 16 | W60: 15.32 | X60: 14.79 | Y60: 17 | Z60: =10*LOG10((10^(W60/10))+(10^(X60/10))) -> 18.07338 | AA60: =10*LOG10((10^(Y60/10))*2) -> 20.0103 | AB60: -1 | AC60: =Z60+AB60 -> 17.07338 | AG60: 5785 | AH60: 157 | AI60: MCS0 | AJ60: 16 | AK60: 16 | AL60: 9.58 | AM60: 8.56 | AN60: 17 | AO60: =10*LOG10((10^(AL60/10))+(10^(AM60/10))) -> 12.110177 | AP60: =10*LOG10((10^(AN60/10))*2) -> 20.0103 | AQ60: -3.2 | AR60: =AO60+AQ60 -> 8.9101765
C61: 5260 | D61: 52 | E61: MCS0 | F61: 16 | G61: 16 | H61: 16.25 | I61: 16.37 | J61: 17 | K61: =10*LOG10((10^(H61/10))+(10^(I61/10))) -> 19.320714 | L61: =10*LOG10((10^(J61/10))*2) -> 20.0103 | M61: -1.2 | N61: =K61+M61 -> 18.120714 | R61: 5600 | S61: 120 | T61: MCS0 | U61: 16 | V61: 16 | W61: 15.4 | X61: 16 | Y61: 17 | Z61: =10*LOG10((10^(W61/10))+(10^(X61/10))) -> 18.720653 | AA61: =10*LOG10((10^(Y61/10))*2) -> 20.0103 | AB61: -1 | AC61: =Z61+AB61 -> 17.720653 | AG61: 5825 | AH61: 165 | AI61: MCS0 | AJ61: 16 | AK61: 16 | AL61: 9.76 | AM61: 8.12 | AN61: 17 | AO61: =10*LOG10((10^(AL61/10))+(10^(AM61/10))) -> 12.027257 | AP61: =10*LOG10((10^(AN61/10))*2) -> 20.0103 | AQ61: -3.2 | AR61: =AO61+AQ61 -> 8.8272572
C62: 5320 | D62: 64 | E62: MCS0 | F62: 16 | G62: 16 | H62: 16.27 | I62: 16.04 | J62: 17 | K62: =10*LOG10((10^(H62/10))+(10^(I62/10))) -> 19.166822 | L62: =10*LOG10((10^(J62/10))*2) -> 20.0103 | M62: -1.2 | N62: =K62+M62 -> 17.966822 | R62: 5700 | S62: 140 | T62: MCS0 | U62: 16 | V62: 16 | W62: 15.32 | X62: 16.08 | Y62: 17 | Z62: =10*LOG10((10^(W62/10))+(10^(X62/10))) -> 18.726903 | AA62: =10*LOG10((10^(Y62/10))*2) -> 20.0103 | AB62: -1 | AC62: =Z62+AB62 -> 17.726903 | AF62: 802.11ac VHT40 | AG62: 5755 | AH62: 151 | AI62: MCS0 | AJ62: 16 | AK62: 16 | AL62: 9.56 | AM62: 8.83 | AN62: 17 | AO62: =10*LOG10((10^(AL62/10))+(10^(AM62/10))) -> 12.22062 | AP62: =10*LOG10((10^(AN62/10))*2) -> 20.0103 | AQ62: -3.2 | AR62: =AO62+AQ62 -> 9.02062
B63: 802.11ac VHT40 | C63: 5190 | D63: 38 | E63: MCS0 | F63: 16 | G63: 16 | H63: 15.51 | I63: 16.03 | J63: 17 | K63: =10*LOG10((10^(H63/10))+(10^(I63/10))) -> 18.788078 | L63: =10*LOG10((10^(J63/10))*2) -> 20.0103 | M63: -1.2 | N63: =K63+M63 -> 17.588078 | Q63: 802.11ac VHT40 | R63: 5510 | S63: 102 | T63: MCS0 | U63: 16 | V63: 16 | W63: 15.55 | X63: 15.33 | Y63: 17 | Z63: =10*LOG10((10^(W63/10))+(10^(X63/10))) -> 18.451693 | AA63: =10*LOG10((10^(Y63/10))*2) -> 20.0103 | AB63: -1 | AC63: =Z63+AB63 -> 17.451693 | AG63: 5795 | AH63: 159 | AI63: MCS0 | AJ63: 16 | AK63: 16 | AL63: 9.31 | AM63: 8.26 | AN63: 17 | AO63: =10*LOG10((10^(AL63/10))+(10^(AM63/10))) -> 11.826955 | AP63: =10*LOG10((10^(AN63/10))*2) -> 20.0103 | AQ63: -3.2 | AR63: =AO63+AQ63 -> 8.6269555
C64: 5270 | D64: 54 | E64: MCS0 | F64: 16 | G64: 16 | H64: 14.41 | I64: 13.93 | J64: 17 | K64: =10*LOG10((10^(H64/10))+(10^(I64/10))) -> 17.186928 | L64: =10*LOG10((10^(J64/10))*2) -> 20.0103 | M64: -1.2 | N64: =K64+M64 -> 15.986928 | R64: 5590 | S64: 118 | T64: MCS0 | U64: 16 | V64: 16 | W64: 14.28 | X64: 15.42 | Y64: 17 | Z64: =10*LOG10((10^(W64/10))+(10^(X64/10))) -> 17.897599 | AA64: =10*LOG10((10^(Y64/10))*2) -> 20.0103 | AB64: -1 | AC64: =Z64+AB64 -> 16.897599 | AF64: 802.11ac VHT80 | AG64: 5775 | AH64: 155 | AI64: MCS0 | AJ64: 16 | AK64: 16 | AL64: 9.31 | AM64: 8.61 | AN64: 17 | AO64: =10*LOG10((10^(AL64/10))+(10^(AM64/10))) -> 11.984388 | AP64: =10*LOG10((10^(AN64/10))*2) -> 20.0103 | AQ64: -3.2 | AR64: =AO64+AQ64 -> 8.7843881
C65: 5310 | D65: 62 | E65: MCS0 | F65: 16 | G65: 16 | H65: 14.59 | I65: 14.32 | J65: 17 | K65: =10*LOG10((10^(H65/10))+(10^(I65/10))) -> 17.467398 | L65: =10*LOG10((10^(J65/10))*2) -> 20.0103 | M65: -1.2 | N65: =K65+M65 -> 16.267398 | R65: 5670 | S65: 134 | T65: MCS0 | U65: 16 | V65: 16 | W65: 14.61 | X65: 15.55 | Y65: 17 | Z65: =10*LOG10((10^(W65/10))+(10^(X65/10))) -> 18.115683 | AA65: =10*LOG10((10^(Y65/10))*2) -> 20.0103 | AB65: -1 | AC65: =Z65+AB65 -> 17.115683
B66: 802.11ac VHT80 | C66: 5210 | D66: 42 | E66: MCS0 | F66: 16 | G66: 16 | H66: 13.9 | I66: 14.61 | J66: 17 | K66: =10*LOG10((10^(H66/10))+(10^(I66/10))) -> 17.279793 | L66: =10*LOG10((10^(J66/10))*2) -> 20.0103 | M66: -1.2 | N66: =K66+M66 -> 16.079793 | Q66: 802.11ac VHT80 | R66: 5530 | S66: 106 | T66: MCS0 | U66: 16 | V66: 16 | W66: 15.13 | X66: 15.38 | Y66: 17 | Z66: =10*LOG10((10^(W66/10))+(10^(X66/10))) -> 18.267099 | AA66: =10*LOG10((10^(Y66/10))*2) -> 20.0103 | AB66: -1 | AC66: =Z66+AB66 -> 17.267099
C67: 5290 | D67: 58 | E67: MCS0 | F67: 16 | G67: 16 | H67: 13.49 | I67: 12.86 | J67: 17 | K67: =10*LOG10((10^(H67/10))+(10^(I67/10))) -> 16.196714 | L67: =10*LOG10((10^(J67/10))*2) -> 20.0103 | M67: -1.2 | N67: =K67+M67 -> 14.996714 | R67: 5610 | S67: 122 | T67: MCS0 | U67: 16 | V67: 16 | W67: 13.43 | X67: 14 | Y67: 17 | Z67: =10*LOG10((10^(W67/10))+(10^(X67/10))) -> 16.734645 | AA67: =10*LOG10((10^(Y67/10))*2) -> 20.0103 | AB67: -1 | AC67: =Z67+AB67 -> 15.734645
B68: 802.11ac VHT160 | C68: 5250 | D68: 50 | E68: MCS0 | F68: 16 | G68: 16 | H68: 13.59 | I68: 13.53 | J68: 17 | K68: =10*LOG10((10^(H68/10))+(10^(I68/10))) -> 16.570404 | L68: =10*LOG10((10^(J68/10))*2) -> 20.0103 | M68: -1.2 | N68: =K68+M68 -> 15.370404 | Q68: 802.11ac VHT160 | R68: 5570 | S68: 114 | T68: MCS0 | U68: 16 | V68: 16 | W68: 13.36 | X68: 14 | Y68: 17 | Z68: =10*LOG10((10^(W68/10))+(10^(X68/10))) -> 16.702079 | AA68: =10*LOG10((10^(Y68/10))*2) -> 20.0103 | AB68: -1 | AC68: =Z68+AB68 -> 15.702079

Sheet WLAN 2.4 GHz 802.11ax Ant1
B2: SISO (Antenna 1)
B3: 2.4 GHz 802.11ax
B4: Mode | C4: Freq. (㎒) | D4: Channel | E4: Tone | F4: Worst RU | G4: Data Rate | H4: PLS | I4: Average Power(㏈m) | J4: Tune-Up Power(㏈m) | K4: Peak Gain (dBi) | L4: E.I.R.P
A5: Worst Data Rate | B5: 802.11ax HE20 | C5: 2412 | D5: 1 | E5: 26T | G5: =$A$6 -> 0 | H5: 9.5 | I5: 9.41 | J5: 10 | K5: -0.23 | L5: =K5+J5 -> 9.77
E6: 52T | G6: =$A$6 -> 0 | H6: 11.5 | I6: 11.25 | J6: 12 | K6: -0.23 | L6: =K6+J6 -> 11.77
E7: 106T | G7: =$A$6 -> 0 | H7: 14.5 | I7: 14.1 | J7: 15 | K7: -0.23 | L7: =K7+J7 -> 14.77
E8: 242T | G8: =$A$6 -> 0 | H8: 15.5 | I8: 15.46 | J8: 16 | K8: -0.23 | L8: =K8+J8 -> 15.77
E9: SU | F9: X | G9: =$A$6 -> 0 | H9: 15.5 | I9: 15.51 | J9: 16 | K9: -0.23 | L9: =K9+J9 -> 15.77
C10: 2442 | D10: 7 | E10: 26T | F10: =F5 -> 0 | G10: =$A$6 -> 0 | H10: 9.5 | I10: 9.01 | J10: 10 | K10: -0.23 | L10: =K10+J10 -> 9.77
E11: 52T | F11: =F6 -> 0 | G11: =$A$6 -> 0 | H11: 11.5 | I11: 11.04 | J11: 12 | K11: -0.23 | L11: =K11+J11 -> 11.77
E12: 106T | F12: =F7 -> 0 | G12: =$A$6 -> 0 | H12: 14.5 | I12: 14.02 | J12: 15 | K12: -0.23 | L12: =K12+J12 -> 14.77
E13: 242T | F13: =F8 -> 0 | G13: =$A$6 -> 0 | H13: 15.5 | I13: 15.06 | J13: 16 | K13: -0.23 | L13: =K13+J13 -> 15.77
E14: SU | F14: =F9 -> X | G14: =$A$6 -> 0 | H14: 15.5 | I14: 15.08 | J14: 16 | K14: -0.23 | L14: =K14+J14 -> 15.77
C15: 2472 | D15: 13 | E15: 26T | F15: =F10 -> 0 | G15: =$A$6 -> 0 | H15: 9.5 | I15: 9.66 | J15: 10 | K15: -0.23 | L15: =K15+J15 -> 9.77
E16: 52T | F16: =F11 -> 0 | G16: =$A$6 -> 0 | H16: 11.5 | I16: 11.34 | J16: 12 | K16: -0.23 | L16: =K16+J16 -> 11.77
E17: 106T | F17: =F12 -> 0 | G17: =$A$6 -> 0 | H17: 14.5 | I17: 14.04 | J17: 15 | K17: -0.23 | L17: =K17+J17 -> 14.77
E18: 242T | F18: =F13 -> 0 | G18: =$A$6 -> 0 | H18: 15.5 | I18: 15.37 | J18: 16 | K18: -0.23 | L18: =K18+J18 -> 15.77
E19: SU | F19: =F14 -> X | G19: =$A$6 -> 0 | H19: 15.5 | I19: 15.39 | J19: 16 | K19: -0.23 | L19: =K19+J19 -> 15.77
A20: Worst Data Rate | B20: 802.11ax HE40 | C20: 2422 | D20: 3 | E20: 26T | G20: =$A$21 -> 0 | H20: 9.5 | I20: 9.8992331 | J20: 10 | K20: -0.23 | L20: =K20+J20 -> 9.77
E21: 52T | G21: =$A$21 -> 0 | H21: 11.5 | I21: 11.943919 | J21: 12 | K21: -0.23 | L21: =K21+J21 -> 11.77
E22: 106T | G22: =$A$21 -> 0 | H22: 14.5 | I22: 14.412845 | J22: 15 | K22: -0.23 | L22: =K22+J22 -> 14.77
E23: 242T | G23: =$A$21 -> 0 | H23: 15.5 | I23: 16.450256 | J23: 16 | K23: -0.23 | L23: =K23+J23 -> 15.77
E24: 484T | G24: =$A$21 -> 0 | H24: 15.5 | I24: 15.882616 | J24: 16 | K24: -0.23 | L24: =K24+J24 -> 15.77
E25: SU | F25: X | G25: =$A$21 -> 0 | H25: 9.5 | I25: 9.1517264 | J25: 10 | K25: -0.23 | L25: =K25+J25 -> 9.77
C26: 2442 | D26: 7 | E26: 26T | F26: =F20 -> 0 | G26: =$A$21 -> 0 | H26: 11.5 | I26: 11.765109 | J26: 12 | K26: -0.23 | L26: =K26+J26 -> 11.77
E27: 52T | F27: =F21 -> 0 | G27: =$A$21 -> 0 | H27: 14.5 | I27: 14.093258 | J27: 15 | K27: -0.23 | L27: =K27+J27 -> 14.77
E28: 106T | F28: =F22 -> 0 | G28: =$A$21 -> 0 | H28: 15.5 | I28: 15.486762 | J28: 16 | K28: -0.23 | L28: =K28+J28 -> 15.77
E29: 242T | F29: =F23 -> 0 | G29: =$A$21 -> 0 | H29: 15.5 | I29: 15.552279 | J29: 16 | K29: -0.23 | L29: =K29+J29 -> 15.77
E30: 484T | F30: =F24 -> 0 | G30: =$A$21 -> 0 | H30: 9.5 | I30: 10.532604 | J30: 10 | K30: -0.23 | L30: =K30+J30 -> 9.77
E31: SU | F31: =F25 -> X | G31: =$A$21 -> 0 | H31: 11.5 | I31: 11.588255 | J31: 12 | K31: -0.23 | L31: =K31+J31 -> 11.77
C32: 2462 | D32: 11 | E32: 26T | F32: =F26 -> 0 | G32: =$A$21 -> 0 | H32: 14.5 | I32: 14.645668 | J32: 15 | K32: -0.23 | L32: =K32+J32 -> 14.77
E33: 52T | F33: =F27 -> 0 | G33: =$A$21 -> 0 | H33: 15.5 | I33: 15.609135 | J33: 16 | K33: -0.23 | L33: =K33+J33 -> 15.77
E34: 106T | F34: =F28 -> 0 | G34: =$A$21 -> 0 | H34: 15.5 | I34: 16.572603 | J34: 16 | K34: -0.23 | L34: =K34+J34 -> 15.77
E35: 242T | F35: =F29 -> 0 | G35: =$A$21 -> 0 | H35: 15.5 | I35: 17.53607 | J35: 16 | K35: -0.23 | L35: =K35+J35 -> 15.77
E36: 484T | F36: =F30 -> 0 | G36: =$A$21 -> 0 | H36: 15.5 | I36: 18.499538 | J36: 16 | K36: -0.23 | L36: =K36+J36 -> 15.77
E37: SU | F37: =F31 -> X | G37: =$A$21 -> 0 | H37: 15.5 | I37: 19.463005 | J37: 16 | K37: -0.23 | L37: =K37+J37 -> 15.77

Sheet WLAN 2.4 GHz 802.11ax Ant2
B2: SISO (Antenna 2)
B3: 2.4 GHz 802.11ax
B4: Mode | C4: Freq. (㎒) | D4: Channel | E4: Tone | F4: Worst RU | G4: Data Rate | H4: PLS | I4: Average Power(㏈m) | J4: Tune-Up Power(㏈m) | K4: Peak Gain (dBi) | L4: E.I.R.P
A5: Worst Data Rate | B5: 802.11ax HE20 | C5: 2412 | D5: 1 | E5: 26T | F5: ='WLAN 2.4 GHz 802.11ax Ant1'!F5 -> 0 | G5: =$A$6 -> 0 | H5: 9.5 | I5: 9.23 | J5: 10 | K5: -0.26 | L5: =K5+J5 -> 9.74
A6: ='WLAN 2.4 GHz 802.11ax Ant1'!A6 -> 0 | E6: 52T | F6: ='WLAN 2.4 GHz 802.11ax Ant1'!F6 -> 0 | G6: =$A$6 -> 0 | H6: 11.5 | I6: 11.55 | J6: 12 | K6: -0.26 | L6: =K6+J6 -> 11.74
E7: 106T | F7: ='WLAN 2.4 GHz 802.11ax Ant1'!F7 -> 0 | G7: =$A$6 -> 0 | H7: 14.5 | I7: 14.51 | J7: 15 | K7: -0.26 | L7: =K7+J7 -> 14.74
E8: 242T | F8: ='WLAN 2.4 GHz 802.11ax Ant1'!F8 -> 0 | G8: =$A$6 -> 0 | H8: 15.5 | I8: 15.38 | J8: 16 | K8: -0.26 | L8: =K8+J8 -> 15.74
E9: SU | F9: ='WLAN 2.4 GHz 802.11ax Ant1'!F9 -> X | G9: =$A$6 -> 0 | H9: 15.5 | I9: 15.39 | J9: 16 | K9: -0.26 | L9: =K9+J9 -> 15.74
C10: 2442 | D10: 7 | E10: 26T | F10: ='WLAN 2.4 GHz 802.11ax Ant1'!F10 -> 0 | G10: =$A$6 -> 0 | H10: 9.5 | I10: 9 | J10: 10 | K10: -0.26 | L10: =K10+J10 -> 9.74
E11: 52T | F11: ='WLAN 2.4 GHz 802.11ax Ant1'!F11 -> 0 | G11: =$A$6 -> 0 | H11: 11.5 | I11: 11.06 | J11: 12 | K11: -0.26 | L11: =K11+J11 -> 11.74
E12: 106T | F12: ='WLAN 2.4 GHz 802.11ax Ant1'!F12 -> 0 | G12: =$A$6 -> 0 | H12: 14.5 | I12: 14.27 | J12: 15 | K12: -0.26 | L12: =K12+J12 -> 14.74
E13: 242T | F13: ='WLAN 2.4 GHz 802.11ax Ant1'!F13 -> 0 | G13: =$A$6 -> 0 | H13: 15.5 | I13: 15.04 | J13: 16 | K13: -0.26 | L13: =K13+J13 -> 15.74
E14: SU | F14: ='WLAN 2.4 GHz 802.11ax Ant1'!F14 -> X | G14: =$A$6 -> 0 | H14: 15.5 | I14: 15.07 | J14: 16 | K14: -0.26 | L14: =K14+J14 -> 15.74
C15: 2472 | D15: 13 | E15: 26T | F15: ='WLAN 2.4 GHz 802.11ax Ant1'!F15 -> 0 | G15: =$A$6 -> 0 | H15: 9.5 | I15: 9.42 | J15: 10 | K15: -0.26 | L15: =K15+J15 -> 9.74
E16: 52T | F16: ='WLAN 2.4 GHz 802.11ax Ant1'!F16 -> 0 | G16: =$A$6 -> 0 | H16: 11.5 | I16: 11.03 | J16: 12 | K16: -0.26 | L16: =K16+J16 -> 11.74
E17: 106T | F17: ='WLAN 2.4 GHz 802.11ax Ant1'!F17 -> 0 | G17: =$A$6 -> 0 | H17: 14.5 | I17: 14.03 | J17: 15 | K17: -0.26 | L17: =K17+J17 -> 14.74
E18: 242T | F18: ='WLAN 2.4 GHz 802.11ax Ant1'!F18 -> 0 | G18: =$A$6 -> 0 | H18: 15.5 | I18: 15.15 | J18: 16 | K18: -0.26 | L18: =K18+J18 -> 15.74
E19: SU | F19: ='WLAN 2.4 GHz 802.11ax Ant1'!F19 -> X | G19: =$A$6 -> 0 | H19: 15.5 | I19: 15.17 | J19: 16 | K19: -0.26 | L19: =K19+J19 -> 15.74
A20: Worst Data Rate | B20: 802.11ax HE40 | C20: 2422 | D20: 3 | E20: 26T | F20: ='WLAN 2.4 GHz 802.11ax Ant1'!F20 -> 0 | G20: =$A$21 -> 0 | H20: 9.5 | I20: 9.6096001 | J20: 10 | K20: -0.26 | L20: =K20+J20 -> 9.74
A21: ='WLAN 2.4 GHz 802.11ax Ant1'!A21 -> 0 | E21: 52T | F21: ='WLAN 2.4 GHz 802.11ax Ant1'!F21 -> 0 | G21: =$A$21 -> 0 | H21: 11.5 | I21: 12.502562 | J21: 12 | K21: -0.26 | L21: =K21+J21 -> 11.74
E22: 106T | F22: ='WLAN 2.4 GHz 802.11ax Ant1'!F22 -> 0 | G22: =$A$21 -> 0 | H22: 14.5 | I22: 15.496336 | J22: 15 | K22: -0.26 | L22: =K22+J22 -> 14.74
E23: 242T | F23: ='WLAN 2.4 GHz 802.11ax Ant1'!F23 -> 0 | G23: =$A$21 -> 0 | H23: 15.5 | I23: 15.784715 | J23: 16 | K23: -0.26 | L23: =K23+J23 -> 15.74
E24: 484T | F24: ='WLAN 2.4 GHz 802.11ax Ant1'!F24 -> 0 | G24: =$A$21 -> 0 | H24: 15.5 | I24: 15.91936 | J24: 16 | K24: -0.26 | L24: =K24+J24 -> 15.74
E25: SU | F25: ='WLAN 2.4 GHz 802.11ax Ant1'!F25 -> X | G25: =$A$21 -> 0 | H25: 9.5 | I25: 9.7223286 | J25: 10 | K25: -0.26 | L25: =K25+J25 -> 9.74
C26: 2442 | D26: 7 | E26: 26T | F26: ='WLAN 2.4 GHz 802.11ax Ant1'!F26 -> 0 | G26: =$A$21 -> 0 | H26: 11.5 | I26: 11.926783 | J26: 12 | K26: -0.26 | L26: =K26+J26 -> 11.74
E27: 52T | F27: ='WLAN 2.4 GHz 802.11ax Ant1'!F27 -> 0 | G27: =$A$21 -> 0 | H27: 14.5 | I27: 15.185898 | J27: 15 | K27: -0.26 | L27: =K27+J27 -> 14.74
E28: 106T | F28: ='WLAN 2.4 GHz 802.11ax Ant1'!F28 -> 0 | G28: =$A$21 -> 0 | H28: 15.5 | I28: 15.90912 | J28: 16 | K28: -0.26 | L28: =K28+J28 -> 15.74
E29: 242T | F29: ='WLAN 2.4 GHz 802.11ax Ant1'!F29 -> 0 | G29: =$A$21 -> 0 | H29: 15.5 | I29: 15.347989 | J29: 16 | K29: -0.26 | L29: =K29+J29 -> 15.74
E30: 484T | F30: ='WLAN 2.4 GHz 802.11ax Ant1'!F30 -> 0 | G30: =$A$21 -> 0 | H30: 9.5 | I30: 9.9799802 | J30: 10 | K30: -0.26 | L30: =K30+J30 -> 9.74
E31: SU | F31: ='WLAN 2.4 GHz 802.11ax Ant1'!F31 -> X | G31: =$A$21 -> 0 | H31: 11.5 | I31: 11.540971 | J31: 12 | K31: -0.26 | L31: =K31+J31 -> 11.74
C32: 2462 | D32: 11 | E32: 26T | F32: ='WLAN 2.4 GHz 802.11ax Ant1'!F32 -> 0 | G32: =$A$21 -> 0 | H32: 14.5 | I32: 14.29082 | J32: 15 | K32: -0.26 | L32: =K32+J32 -> 14.74
E33: 52T | F33: ='WLAN 2.4 GHz 802.11ax Ant1'!F33 -> 0 | G33: =$A$21 -> 0 | H33: 15.5 | I33: 15.984144 | J33: 16 | K33: -0.26 | L33: =K33+J33 -> 15.74
E34: 106T | F34: ='WLAN 2.4 GHz 802.11ax Ant1'!F34 -> 0 | G34: =$A$21 -> 0 | H34: 15.5 | I34: 15.807577 | J34: 16 | K34: -0.26 | L34: =K34+J34 -> 15.74
E35: 242T | F35: ='WLAN 2.4 GHz 802.11ax Ant1'!F35 -> 0 | G35: =$A$21 -> 0 | H35: 15.5 | I35: 15.347989 | J35: 15 | K35: -0.26 | L35: =K35+J35 -> 14.74
E36: 484T | F36: ='WLAN 2.4 GHz 802.11ax Ant1'!F36 -> 0 | G36: =$A$21 -> 0 | H36: 15.5 | I36: 9.9799802 | J36: 16 | K36: -0.26 | L36: =K36+J36 -> 15.74
E37: SU | F37: ='WLAN 2.4 GHz 802.11ax Ant1'!F37 -> X | G37: =$A$21 -> 0 | H37: 15.5 | I37: 11.540971 | J37: 16 | K37: -0.26 | L37: =K37+J37 -> 15.74

Sheet WLAN 2.4 GHz 802.11ax Ant1+2
B2: MIMO (Antenna 1 + Antenna 2)
B3: 2.4 GHz 802.11ax
B4: Mode | C4: Freq. (㎒) | D4: Channel | E4: Tone | F4: Worst RU | G4: Data Rate | H4: Ant.1 PLS | I4: Ant.2 PLS | J4: Ant.1 Average Power(㏈m) | K4: Ant.2 Average Power(㏈m) | L4: Tune-Up Power(㏈m) | M4: Ant.1+Ant.2 Average Power(㏈m) | N4: Tune-Up Power(㏈m) | O4: Peak Gain(dBi) | P4: E.I.R.P
A5: Worst Data Rate | B5: 802.11ax HE20 | C5: 2412 | D5: 1 | E5: 26T | F5: ='WLAN 2.4 GHz 802.11ax Ant1'!F5 -> 0 | G5: =$A$6 -> 0 | H5: 7 | I5: 7 | J5: 10.22 | K5: 10.22 | L5: 10 | M5: =10*LOG10((10^(J5/10))+(10^(K5/10))) -> 13.2303 | N5: =10*LOG10((10^(L5/10))*2) -> 13.0103 | O5: -0.65 | P5: =O5+N5 -> 12.3603
E6: 52T | F6: ='WLAN 2.4 GHz 802.11ax Ant1'!F6 -> 0 | G6: =$A$6 -> 0 | H6: 9 | I6: 9 | J6: 11.81 | K6: 11.81 | L6: 12 | M6: =10*LOG10((10^(J6/10))+(10^(K6/10))) -> 14.8203 | N6: =10*LOG10((10^(L6/10))*2) -> 15.0103 | O6: -0.65 | P6: =O6+N6 -> 14.3603
E7: 106T | F7: ='WLAN 2.4 GHz 802.11ax Ant1'!F7 -> 0 | G7: =$A$6 -> 0 | H7: 12 | I7: 12 | J7: 15.72 | K7: 15.72 | L7: 15 | M7: =10*LOG10((10^(J7/10))+(10^(K7/10))) -> 18.7303 | N7: =10*LOG10((10^(L7/10))*2) -> 18.0103 | O7: -0.65 | P7: =O7+N7 -> 17.3603
E8: 242T | F8: ='WLAN 2.4 GHz 802.11ax Ant1'!F8 -> 0 | G8: =$A$6 -> 0 | H8: 13 | I8: 13 | J8: 16.61 | K8: 16.61 | L8: 16 | M8: =10*LOG10((10^(J8/10))+(10^(K8/10))) -> 19.6203 | N8: =10*LOG10((10^(L8/10))*2) -> 19.0103 | O8: -0.65 | P8: =O8+N8 -> 18.3603
E9: SU | F9: ='WLAN 2.4 GHz 802.11ax Ant1'!F9 -> X | G9: =$A$6 -> 0 | H9: 15.5 | I9: 15.5 | J9: 18.74 | K9: 18.74 | L9: 19 | M9: =10*LOG10((10^(J9/10))+(10^(K9/10))) -> 21.7503 | N9: =10*LOG10((10^(L9/10))*2) -> 22.0103 | O9: -0.65 | P9: =O9+N9 -> 21.3603
C10: 2442 | D10: 7 | E10: 26T | F10: ='WLAN 2.4 GHz 802.11ax Ant1'!F10 -> 0 | G10: =$A$6 -> 0 | H10: 7 | I10: 7 | J10: 9.17 | K10: 9.17 | L10: 10 | M10: =10*LOG10((10^(J10/10))+(10^(K10/10))) -> 12.1803 | N10: =10*LOG10((10^(L10/10))*2) -> 13.0103 | O10: -0.65 | P10: =O10+N10 -> 12.3603
E11: 52T | F11: ='WLAN 2.4 GHz 802.11ax Ant1'!F11 -> 0 | G11: =$A$6 -> 0 | H11: 9 | I11: 9 | J11: 11.26 | K11: 11.26 | L11: 12 | M11: =10*LOG10((10^(J11/10))+(10^(K11/10))) -> 14.2703 | N11: =10*LOG10((10^(L11/10))*2) -> 15.0103 | O11: -0.65 | P11: =O11+N11 -> 14.3603
E12: 106T | F12: ='WLAN 2.4 GHz 802.11ax Ant1'!F12 -> 0 | G12: =$A$6 -> 0 | H12: 12 | I12: 12 | J12: 15.61 | K12: 15.61 | L12: 15 | M12: =10*LOG10((10^(J12/10))+(10^(K12/10))) -> 18.6203 | N12: =10*LOG10((10^(L12/10))*2) -> 18.0103 | O12: -0.65 | P12: =O12+N12 -> 17.3603
E13: 242T | F13: ='WLAN 2.4 GHz 802.11ax Ant1'!F13 -> 0 | G13: =$A$6 -> 0 | H13: 13 | I13: 13 | J13: 16.5 | K13: 16.5 | L13: 16 | M13: =10*LOG10((10^(J13/10))+(10^(K13/10))) -> 19.5103 | N13: =10*LOG10((10^(L13/10))*2) -> 19.0103 | O13: -0.65 | P13: =O13+N13 -> 18.3603
E14: SU | F14: ='WLAN 2.4 GHz 802.11ax Ant1'!F14 -> X | G14: =$A$6 -> 0 | H14: 15.5 | I14: 15.5 | J14: 18.25 | K14: 18.25 | L14: 19 | M14: =10*LOG10((10^(J14/10))+(10^(K14/10))) -> 21.2603 | N14: =10*LOG10((10^(L14/10))*2) -> 22.0103 | O14: -0.65 | P14: =O14+N14 -> 21.3603
C15: 2472 | D15: 13 | E15: 26T | F15: ='WLAN 2.4 GHz 802.11ax Ant1'!F15 -> 0 | G15: =$A$6 -> 0 | H15: 7 | I15: 7 | J15: 10.27 | K15: 10.27 | L15: 10 | M15: =10*LOG10((10^(J15/10))+(10^(K15/10))) -> 13.2803 | N15: =10*LOG10((10^(L15/10))*2) -> 13.0103 | O15: -0.65 | P15: =O15+N15 -> 12.3603
E16: 52T | F16: ='WLAN 2.4 GHz 802.11ax Ant1'!F16 -> 0 | G16: =$A$6 -> 0 | H16: 9 | I16: 9 | J16: 11.84 | K16: 11.84 | L16: 12 | M16: =10*LOG10((10^(J16/10))+(10^(K16/10))) -> 14.8503 | N16: =10*LOG10((10^(L16/10))*2) -> 15.0103 | O16: -0.65 | P16: =O16+N16 -> 14.3603
E17: 106T | F17: ='WLAN 2.4 GHz 802.11ax Ant1'!F17 -> 0 | G17: =$A$6 -> 0 | H17: 12 | I17: 12 | J17: 14.89 | K17: 14.89 | L17: 15 | M17: =10*LOG10((10^(J17/10))+(10^(K17/10))) -> 17.9003 | N17: =10*LOG10((10^(L17/10))*2) -> 18.0103 | O17: -0.65 | P17: =O17+N17 -> 17.3603
E18: 242T | F18: ='WLAN 2.4 GHz 802.11ax Ant1'!F18 -> 0 | G18: =$A$6 -> 0 | H18: 13 | I18: 13 | J18: 16.42 | K18: 16.42 | L18: 16 | M18: =10*LOG10((10^(J18/10))+(10^(K18/10))) -> 19.4303 | N18: =10*LOG10((10^(L18/10))*2) -> 19.0103 | O18: -0.65 | P18: =O18+N18 -> 18.3603
E19: SU | F19: ='WLAN 2.4 GHz 802.11ax Ant1'!F19 -> X | G19: =$A$6 -> 0 | H19: 15.5 | I19: 15.5 | J19: 18.4 | K19: 18.4 | L19: 19 | M19: =10*LOG10((10^(J19/10))+(10^(K19/10))) -> 21.4103 | N19: =10*LOG10((10^(L19/10))*2) -> 22.0103 | O19: -0.65 | P19: =O19+N19 -> 21.3603
A20: Worst Data Rate | B20: 802.11ax HE40 | C20: 2422 | D20: 3 | E20: 26T | F20: ='WLAN 2.4 GHz 802.11ax Ant1'!F20 -> 0 | G20: =$A$21 -> 0 | H20: 7 | I20: 7 | J20: 10.564005 | K20: 11.060767 | L20: 10 | M20: =10*LOG10((10^(J20/10))+(10^(K20/10))) -> 13.829785 | N20: =10*LOG10((10^(L20/10))*2) -> 13.0103 | O20: -0.65 | P20: =O20+N20 -> 12.3603
E21: 52T | F21: ='WLAN 2.4 GHz 802.11ax Ant1'!F21 -> 0 | G21: =$A$21 -> 0 | H21: 9 | I21: 9 | J21: 12.012013 | K21: 11.81607 | L21: 12 | M21: =10*LOG10((10^(J21/10))+(10^(K21/10))) -> 14.925447 | N21: =10*LOG10((10^(L21/10))*2) -> 15.0103 | O21: -0.65 | P21: =O21+N21 -> 14.3603
E22: 106T | F22: ='WLAN 2.4 GHz 802.11ax Ant1'!F22 -> 0 | G22: =$A$21 -> 0 | H22: 12 | I22: 12 | J22: 15.9413 | K22: 16.369842 | L22: 15 | M22: =10*LOG10((10^(J22/10))+(10^(K22/10))) -> 19.171155 | N22: =10*LOG10((10^(L22/10))*2) -> 18.0103 | O22: -0.65 | P22: =O22+N22 -> 17.3603
E23: 242T | F23: ='WLAN 2.4 GHz 802.11ax Ant1'!F23 -> 0 | G23: =$A$21 -> 0 | H23: 13 | I23: 13 | J23: 17.02299 | K23: 17.037782 | L23: 16 | M23: =10*LOG10((10^(J23/10))+(10^(K23/10))) -> 20.040692 | N23: =10*LOG10((10^(L23/10))*2) -> 19.0103 | O23: -0.65 | P23: =O23+N23 -> 18.3603
E24: 484T | F24: ='WLAN 2.4 GHz 802.11ax Ant1'!F24 -> 0 | G24: =$A$21 -> 0 | H24: 15.5 | I24: 15.5 | J24: 19.637942 | K24: 19.435781 | L24: 19 | M24: =10*LOG10((10^(J24/10))+(10^(K24/10))) -> 22.548338 | N24: =10*LOG10((10^(L24/10))*2) -> 22.0103 | O24: -0.65 | P24: =O24+N24 -> 21.3603
E25: SU | F25: ='WLAN 2.4 GHz 802.11ax Ant1'!F25 -> X | G25: =$A$21 -> 0 | H25: 7 | I25: 7 | J25: 10.024232 | K25: 9.5088017 | L25: 10 | M25: =10*LOG10((10^(J25/10))+(10^(K25/10))) -> 12.784459 | N25: =10*LOG10((10^(L25/10))*2) -> 13.0103 | O25: -0.65 | P25: =O25+N25 -> 12.3603
C26: 2442 | D26: 7 | E26: 26T | F26: ='WLAN 2.4 GHz 802.11ax Ant1'!F26 -> 0 | G26: =$A$21 -> 0 | H26: 9 | I26: 9 | J26: 11.800548 | K26: 11.329854 | L26: 12 | M26: =10*LOG10((10^(J26/10))+(10^(K26/10))) -> 14.581875 | N26: =10*LOG10((10^(L26/10))*2) -> 15.0103 | O26: -0.65 | P26: =O26+N26 -> 14.3603
E27: 52T | F27: ='WLAN 2.4 GHz 802.11ax Ant1'!F27 -> 0 | G27: =$A$21 -> 0 | H27: 12 | I27: 12 | J27: 15.889698 | K27: 16.023461 | L27: 15 | M27: =10*LOG10((10^(J27/10))+(10^(K27/10))) -> 18.967394 | N27: =10*LOG10((10^(L27/10))*2) -> 18.0103 | O27: -0.65 | P27: =O27+N27 -> 17.3603
E28: 106T | F28: ='WLAN 2.4 GHz 802.11ax Ant1'!F28 -> 0 | G28: =$A$21 -> 0 | H28: 13 | I28: 13 | J28: 17.04383 | K28: 17.225027 | L28: 16 | M28: =10*LOG10((10^(J28/10))+(10^(K28/10))) -> 20.145673 | N28: =10*LOG10((10^(L28/10))*2) -> 19.0103 | O28: -0.65 | P28: =O28+N28 -> 18.3603
E29: 242T | F29: ='WLAN 2.4 GHz 802.11ax Ant1'!F29 -> 0 | G29: =$A$21 -> 0 | H29: 15.5 | I29: 15.5 | J29: 18.980413 | K29: 18.837139 | L29: 19 | M29: =10*LOG10((10^(J29/10))+(10^(K29/10))) -> 21.919667 | N29: =10*LOG10((10^(L29/10))*2) -> 22.0103 | O29: -0.65 | P29: =O29+N29 -> 21.3603
E30: 484T | F30: ='WLAN 2.4 GHz 802.11ax Ant1'!F30 -> 0 | G30: =$A$21 -> 0 | H30: 7 | I30: 7 | J30: 11.130457 | K30: 10.309226 | L30: 10 | M30: =10*LOG10((10^(J30/10))+(10^(K30/10))) -> 13.749524 | N30: =10*LOG10((10^(L30/10))*2) -> 13.0103 | O30: -0.65 | P30: =O30+N30 -> 12.3603
E31: SU | F31: ='WLAN 2.4 GHz 802.11ax Ant1'!F31 -> X | G31: =$A$21 -> 0 | H31: 9 | I31: 9 | J31: 12.360374 | K31: 12.4064 | L31: 12 | M31: =10*LOG10((10^(J31/10))+(10^(K31/10))) -> 15.393748 | N31: =10*LOG10((10^(L31/10))*2) -> 15.0103 | O31: -0.65 | P31: =O31+N31 -> 14.3603
C32: 2462 | D32: 11 | E32: 26T | F32: ='WLAN 2.4 GHz 802.11ax Ant1'!F32 -> 0 | G32: =$A$21 -> 0 | H32: 12 | I32: 12 | J32: 15.791553 | K32: 15.506171 | L32: 15 | M32: =10*LOG10((10^(J32/10))+(10^(K32/10))) -> 18.661505 | N32: =10*LOG10((10^(L32/10))*2) -> 18.0103 | O32: -0.65 | P32: =O32+N32 -> 17.3603
E33: 52T | F33: ='WLAN 2.4 GHz 802.11ax Ant1'!F33 -> 0 | G33: =$A$21 -> 0 | H33: 13 | I33: 13 | J33: 17.200378 | K33: 16.929065 | L33: 16 | M33: =10*LOG10((10^(J33/10))+(10^(K33/10))) -> 20.07714 | N33: =10*LOG10((10^(L33/10))*2) -> 19.0103 | O33: -0.65 | P33: =O33+N33 -> 18.3603
E34: 106T | F34: ='WLAN 2.4 GHz 802.11ax Ant1'!F34 -> 0 | G34: =$A$21 -> 0 | H34: 15.5 | I34: 15.5 | J34: 18.545912 | K34: 18.632398 | L34: 19 | M34: =10*LOG10((10^(J34/10))+(10^(K34/10))) -> 21.59967 | N34: =10*LOG10((10^(L34/10))*2) -> 22.0103 | O34: -0.65 | P34: =O34+N34 -> 21.3603
E35: 242T | F35: ='WLAN 2.4 GHz 802.11ax Ant1'!F35 -> 0 | G35: =$A$21 -> 0 | H35: 15.5 | I35: 15.5 | J35: 18.545912 | K35: 18.632398 | L35: 20 | M35: =10*LOG10((10^(J35/10))+(10^(K35/10))) -> 21.59967 | N35: =10*LOG10((10^(L35/10))*2) -> 23.0103 | O35: -0.65 | P35: =O35+N35 -> 22.3603
E36: 484T | F36: ='WLAN 2.4 GHz 802.11ax Ant1'!F36 -> 0 | G36: =$A$21 -> 0 | H36: 15.5 | I36: 15.5 | J36: 18.545912 | K36: 18.632398 | L36: 21 | M36: =10*LOG10((10^(J36/10))+(10^(K36/10))) -> 21.59967 | N36: =10*LOG10((10^(L36/10))*2) -> 24.0103 | O36: -0.65 | P36: =O36+N36 -> 23.3603
E37: SU | F37: ='WLAN 2.4 GHz 802.11ax Ant1'!F37 -> X | G37: =$A$21 -> 0 | H37: 15.5 | I37: 15.5 | J37: 18.545912 | K37: 18.632398 | L37: 22 | M37: =10*LOG10((10^(J37/10))+(10^(K37/10))) -> 21.59967 | N37: =10*LOG10((10^(L37/10))*2) -> 25.0103 | O37: -0.65 | P37: =O37+N37 -> 24.3603

Sheet WLAN 5 GHz 802.11ax Ant1
B2: SISO (Antenna 1)
B3: 5.2 GHz 802.11ax | O3: 5.5 GHz 802.11ax | AB3: 5.8 GHz 802.11ax
B4: Mode | C4: Freq. (㎒) | D4: Channel | E4: Tone | F4: Worst RU | G4: Data Rate | H4: PLS | I4: Average Power(㏈m) | J4: Tune-Up Power(㏈m) | K4: Peak Gain (dBi) | L4: E.I.R.P | O4: Mode | P4: Freq. (㎒) | Q4: Channel | R4: Tone | S4: Worst RU | T4: Data Rate | U4: PLS | V4: Average Power(㏈m) | W4: Tune-Up Power(㏈m) | X4: Peak Gain (dBi) | Y4: E.I.R.P | AB4: Mode | AC4: Freq. (㎒) | AD4: Channel | AE4: Tone | AF4: Worst RU | AG4: Data Rate | AH4: PLS | AI4: Average Power(㏈m) | AJ4: Tune-Up Power(㏈m) | AK4: Peak Gain (dBi) | AL4: E.I.R.P
A5: Worst Data Rate | B5: 802.11ax HE20 | C5: 5180 | D5: 36 | E5: 26T | G5: =$A$6 -> 0 | H5: 9.5 | I5: 9.17 | J5: 10 | K5: -0.3 | L5: =J5+K5 -> 9.7 | N5: Worst Data Rate | O5: 802.11ax HE20 | P5: 5500 | Q5: 100 | R5: 26T | S5: =F5 -> 0 | T5: =$N$6 -> 0 | U5: 9.5 | V5: 9.4850239 | W5: 10 | X5: -0.54 | Y5: =W5+X5 -> 9.46 | AA5: Worst Data Rate | AB5: 802.11ax HE20 | AC5: 5745 | AD5: 149 | AE5: 26T | AG5: =$AA$6 -> 0 | AH5: 9.5 | AI5: 9.8204344 | AJ5: 10 | AK5: -0.12 | AL5: =AJ5+AK5 -> 9.88
E6: 52T | G6: =$A$6 -> 0 | H6: 11.5 | I6: 11.02 | J6: 12 | K6: -0.3 | L6: =J6+K6 -> 11.7 | R6: 52T | S6: =F6 -> 0 | T6: =$N$6 -> 0 | U6: 11.5 | V6: 12.019137 | W6: 12 | X6: -0.54 | Y6: =W6+X6 -> 11.46 | AE6: 52T | AG6: =$AA$6 -> 0 | AH6: 11.5 | AI6: 11.369646 | AJ6: 12 | AK6: -0.12 | AL6: =AJ6+AK6 -> 11.88
E7: 106T | G7: =$A$6 -> 0 | H7: 14.5 | I7: 14.16 | J7: 15 | K7: -0.3 | L7: =J7+K7 -> 14.7 | R7: 106T | S7: =F7 -> 0 | T7: =$N$6 -> 0 | U7: 14.5 | V7: 14.726063 | W7: 15 | X7: -0.54 | Y7: =W7+X7 -> 14.46 | AE7: 106T | AG7: =$AA$6 -> 0 | AH7: 14.5 | AI7: 14.219703 | AJ7: 15 | AK7: -0.12 | AL7: =AJ7+AK7 -> 14.88
E8: 242T | G8: =$A$6 -> 0 | H8: 15.5 | I8: 15.53 | J8: 16 | K8: -0.3 | L8: =J8+K8 -> 15.7 | R8: 242T | S8: =F8 -> 0 | T8: =$N$6 -> 0 | U8: 15.5 | V8: 16.024337 | W8: 16 | X8: -0.54 | Y8: =W8+X8 -> 15.46 | AE8: 242T | AG8: =$AA$6 -> 0 | AH8: 15.5 | AI8: 16.125519 | AJ8: 16 | AK8: -0.12 | AL8: =AJ8+AK8 -> 15.88
E9: SU | F9: X | G9: =$A$6 -> 0 | H9: 14.5 | I9: 14.79 | J9: 15 | K9: -0.3 | L9: =J9+K9 -> 14.7 | R9: SU | S9: =F9 -> X | T9: =$N$6 -> 0 | U9: 14.5 | V9: 15.591865 | W9: 15 | X9: -0.54 | Y9: =W9+X9 -> 14.46 | AE9: SU | AF9: X | AG9: =$AA$6 -> 0 | AH9: 14.5 | AI9: 14.929887 | AJ9: 15 | AK9: -0.12 | AL9: =AJ9+AK9 -> 14.88
C10: 5260 | D10: 52 | E10: 26T | F10: =F5 -> 0 | G10: =$A$6 -> 0 | H10: 14.5 | I10: 14.76 | J10: 15 | K10: -0.3 | L10: =J10+K10 -> 14.7 | P10: 5600 | Q10: 120 | R10: 26T | S10: =F10 -> 0 | T10: =$N$6 -> 0 | U10: 14.5 | V10: 15.668297 | W10: 15 | X10: -0.54 | Y10: =W10+X10 -> 14.46 | AC10: 5785 | AD10: 157 | AE10: 26T | AF10: =AF5 -> 0 | AG10: =$AA$6 -> 0 | AH10: 14.5 | AI10: 14.95066 | AJ10: 15 | AK10: -0.12 | AL10: =AJ10+AK10 -> 14.88
E11: 52T | F11: =F6 -> 0 | G11: =$A$6 -> 0 | H11: 9.5 | I11: 9.35 | J11: 10 | K11: -0.3 | L11: =J11+K11 -> 9.7 | R11: 52T | S11: =F11 -> 0 | T11: =$N$6 -> 0 | U11: 9.5 | V11: 10.161565 | W11: 10 | X11: -0.54 | Y11: =W11+X11 -> 9.46 | AE11: 52T | AF11: =AF6 -> 0 | AG11: =$AA$6 -> 0 | AH11: 9.5 | AI11: 9.8670513 | AJ11: 10 | AK11: -0.12 | AL11: =AJ11+AK11 -> 9.88
E12: 106T | F12: =F7 -> 0 | G12: =$A$6 -> 0 | H12: 11.5 | I12: 11.19 | J12: 12 | K12: -0.3 | L12: =J12+K12 -> 11.7 | R12: 106T | S12: =F12 -> 0 | T12: =$N$6 -> 0 | U12: 11.5 | V12: 11.667015 | W12: 12 | X12: -0.54 | Y12: =W12+X12 -> 11.46 | AE12: 106T | AF12: =AF7 -> 0 | AG12: =$AA$6 -> 0 | AH12: 11.5 | AI12: 12.12914 | AJ12: 12 | AK12: -0.12 | AL12: =AJ12+AK12 -> 11.88
E13: 242T | F13: =F8 -> 0 | G13: =$A$6 -> 0 | H13: 14.5 | I13: 14.08 | J13: 15 | K13: -0.3 | L13: =J13+K13 -> 14.7 | R13: 242T | S13: =F13 -> 0 | T13: =$N$6 -> 0 | U13: 14.5 | V13: 14.178886 | W13: 15 | X13: -0.54 | Y13: =W13+X13 -> 14.46 | AE13: 242T | AF13: =AF8 -> 0 | AG13: =$AA$6 -> 0 | AH13: 14.5 | AI13: 14.699928 | AJ13: 15 | AK13: -0.12 | AL13: =AJ13+AK13 -> 14.88
E14: SU | F14: =F9 -> X | G14: =$A$6 -> 0 | H14: 15.5 | I14: 15.79 | J14: 16 | K14: -0.3 | L14: =J14+K14 -> 15.7 | R14: SU | S14: =F14 -> X | T14: =$N$6 -> 0 | U14: 15.5 | V14: 16.664766 | W14: 16 | X14: -0.54 | Y14: =W14+X14 -> 15.46 | AE14: SU | AF14: X | AG14: =$AA$6 -> 0 | AH14: 15.5 | AI14: 16.48973 | AJ14: 16 | AK14: -0.12 | AL14: =AJ14+AK14 -> 15.88
C15: 5320 | D15: 64 | E15: 26T | F15: =F10 -> 0 | G15: =$A$6 -> 0 | H15: 14.5 | I15: 15.03 | J15: 15 | K15: -0.3 | L15: =J15+K15 -> 14.7 | P15: 5700 | Q15: 140 | R15: 26T | S15: =F15 -> 0 | T15: =$N$6 -> 0 | U15: 14.5 | V15: 15.912802 | W15: 15 | X15: -0.54 | Y15: =W15+X15 -> 14.46 | AC15: 5825 | AD15: 165 | AE15: 26T | AF15: =AF10 -> 0 | AG15: =$AA$6 -> 0 | AH15: 14.5 | AI15: 15.40338 | AJ15: 15 | AK15: -0.12 | AL15: =AJ15+AK15 -> 14.88
E16: 52T | F16: =F11 -> 0 | G16: =$A$6 -> 0 | H16: 14.5 | I16: 15.13 | J16: 15 | K16: -0.3 | L16: =J16+K16 -> 14.7 | R16: 52T | S16: =F16 -> 0 | T16: =$N$6 -> 0 | U16: 14.5 | V16: 15.712768 | W16: 15 | X16: -0.54 | Y16: =W16+X16 -> 14.46 | AE16: 52T | AF16: =AF11 -> 0 | AG16: =$AA$6 -> 0 | AH16: 14.5 | AI16: 15.873245 | AJ16: 15 | AK16: -0.12 | AL16: =AJ16+AK16 -> 14.88
E17: 106T | F17: =F12 -> 0 | G17: =$A$6 -> 0 | H17: 9.5 | I17: 10.09 | J17: 10 | K17: -0.3 | L17: =J17+K17 -> 9.7 | R17: 106T | S17: =F17 -> 0 | T17: =$N$6 -> 0 | U17: 9.5 | V17: 10.413086 | W17: 10 | X17: -0.54 | Y17: =W17+X17 -> 9.46 | AE17: 106T | AF17: =AF12 -> 0 | AG17: =$AA$6 -> 0 | AH17: 9.5 | AI17: 10.15908 | AJ17: 10 | AK17: -0.12 | AL17: =AJ17+AK17 -> 9.88
E18: 242T | F18: =F13 -> 0 | G18: =$A$6 -> 0 | H18: 11.5 | I18: 11.58 | J18: 12 | K18: -0.3 | L18: =J18+K18 -> 11.7 | R18: 242T | S18: =F18 -> 0 | T18: =$N$6 -> 0 | U18: 11.5 | V18: 11.632209 | W18: 12 | X18: -0.54 | Y18: =W18+X18 -> 11.46 | AE18: 242T | AF18: =AF13 -> 0 | AG18: =$AA$6 -> 0 | AH18: 11.5 | AI18: 12.108877 | AJ18: 12 | AK18: -0.12 | AL18: =AJ18+AK18 -> 11.88
E19: SU | F19: =F14 -> X | G19: =$A$6 -> 0 | H19: 14.5 | I19: 14.69 | J19: 15 | K19: -0.3 | L19: =J19+K19 -> 14.7 | R19: SU | S19: =F19 -> X | T19: =$N$6 -> 0 | U19: 14.5 | V19: 14.832931 | W19: 15 | X19: -0.54 | Y19: =W19+X19 -> 14.46 | AE19: SU | AF19: X | AG19: =$AA$6 -> 0 | AH19: 14.5 | AI19: 15.332497 | AJ19: 15 | AK19: -0.12 | AL19: =AJ19+AK19 -> 14.88
A20: Worst Data Rate | B20: 802.11ax HE40 | C20: 5190 | D20: 38 | E20: 26T | G20: =$A$21 -> 0 | H20: 15.5 | I20: 16.03 | J20: 10 | K20: -0.3 | L20: =J20+K20 -> 9.7 | N20: Worst Data Rate | O20: 802.11ax HE40 | P20: 5510 | Q20: 102 | R20: 26T | S20: =F20 -> 0 | T20: =$N$21 -> 0 | U20: 15.5 | V20: 16.502149 | W20: 10 | X20: -0.54 | Y20: =W20+X20 -> 9.46 | AA20: Worst Data Rate | AB20: 802.11ax HE40 | AC20: 5755 | AD20: 151 | AE20: 26T | AG20: =$AA$21 -> 0 | AH20: 15.5 | AI20: 16.809081 | AJ20: 10 | AK20: -0.12 | AL20: =AJ20+AK20 -> 9.88
E21: 52T | G21: =$A$21 -> 0 | H21: 14.5 | I21: 15.36 | J21: 12 | K21: -0.3 | L21: =J21+K21 -> 11.7 | R21: 52T | S21: =F21 -> 0 | T21: =$N$21 -> 0 | U21: 14.5 | V21: 15.806988 | W21: 12 | X21: -0.54 | Y21: =W21+X21 -> 11.46 | AE21: 52T | AG21: =$AA$21 -> 0 | AH21: 14.5 | AI21: 16.080076 | AJ21: 12 | AK21: -0.12 | AL21: =AJ21+AK21 -> 11.88
E22: 106T | G22: =$A$21 -> 0 | H22: 14.5 | I22: 15.69 | J22: 15 | K22: -0.3 | L22: =J22+K22 -> 14.7 | R22: 106T | S22: =F22 -> 0 | T22: =$N$21 -> 0 | U22: 14.5 | V22: 16.454309 | W22: 15 | X22: -0.54 | Y22: =W22+X22 -> 14.46 | AE22: 106T | AG22: =$AA$21 -> 0 | AH22: 14.5 | AI22: 15.992503 | AJ22: 15 | AK22: -0.12 | AL22: =AJ22+AK22 -> 14.88
E23: 242T | G23: =$A$21 -> 0 | H23: 9.5 | I23: 9.58 | J23: 16 | K23: -0.3 | L23: =J23+K23 -> 15.7 | R23: 242T | S23: =F23 -> 0 | T23: =$N$21 -> 0 | U23: 9.5 | V23: 10.346452 | W23: 16 | X23: -0.54 | Y23: =W23+X23 -> 15.46 | AE23: 242T | AG23: =$AA$21 -> 0 | AH23: 9.5 | AI23: 10.542455 | AJ23: 16 | AK23: -0.12 | AL23: =AJ23+AK23 -> 15.88
E24: 484T | G24: =$A$21 -> 0 | H24: 11.5 | I24: 10.95 | J24: 15 | K24: -0.3 | L24: =J24+K24 -> 14.7 | R24: 484T | S24: =F24 -> 0 | T24: =$N$21 -> 0 | U24: 11.5 | V24: 11.241043 | W24: 15 | X24: -0.54 | Y24: =W24+X24 -> 14.46 | AE24: 484T | AG24: =$AA$21 -> 0 | AH24: 11.5 | AI24: 11.441665 | AJ24: 15 | AK24: -0.12 | AL24: =AJ24+AK24 -> 14.88
E25: SU | F25: X | G25: =$A$21 -> 0 | H25: 14.5 | I25: 15.11 | J25: 15 | K25: -0.3 | L25: =J25+K25 -> 14.7 | R25: SU | S25: =F25 -> X | T25: =$N$21 -> 0 | U25: 14.5 | V25: 16.063471 | W25: 15 | X25: -0.54 | Y25: =W25+X25 -> 14.46 | AE25: SU | AF25: X | AG25: =$AA$21 -> 0 | AH25: 14.5 | AI25: 15.33722 | AJ25: 15 | AK25: -0.12 | AL25: =AJ25+AK25 -> 14.88
C26: 5270 | D26: 54 | E26: 26T | F26: =F20 -> 0 | G26: =$A$21 -> 0 | H26: 15.5 | I26: 15.36 | J26: 10 | K26: -0.3 | L26: =J26+K26 -> 9.7 | P26: 5590 | Q26: 118 | R26: 26T | S26: =F26 -> 0 | T26: =$N$21 -> 0 | U26: 15.5 | V26: 15.43203 | W26: 10 | X26: -0.54 | Y26: =W26+X26 -> 9.46 | AC26: 5795 | AD26: 159 | AE26: 26T | AF26: =AF20 -> 0 | AG26: =$AA$21 -> 0 | AH26: 15.5 | AI26: 15.97634 | AJ26: 10 | AK26: -0.12 | AL26: =AJ26+AK26 -> 9.88
E27: 52T | F27: =F21 -> 0 | G27: =$A$21 -> 0 | H27: 14.5 | I27: 14.04 | J27: 12 | K27: -0.3 | L27: =J27+K27 -> 11.7 | R27: 52T | S27: =F27 -> 0 | T27: =$N$21 -> 0 | U27: 14.5 | V27: 14.093916 | W27: 12 | X27: -0.54 | Y27: =W27+X27 -> 11.46 | AE27: 52T | AF27: =AF21 -> 0 | AG27: =$AA$21 -> 0 | AH27: 14.5 | AI27: 15.016557 | AJ27: 12 | AK27: -0.12 | AL27: =AJ27+AK27 -> 11.88
E28: 106T | F28: =F22 -> 0 | G28: =$A$21 -> 0 | H28: 14.5 | I28: 14.38 | J28: 15 | K28: -0.3 | L28: =J28+K28 -> 14.7 | R28: 106T | S28: =F28 -> 0 | T28: =$N$21 -> 0 | U28: 14.5 | V28: 14.544796 | W28: 15 | X28: -0.54 | Y28: =W28+X28 -> 14.46 | AE28: 106T | AF28: =AF22 -> 0 | AG28: =$AA$21 -> 0 | AH28: 14.5 | AI28: 14.610507 | AJ28: 15 | AK28: -0.12 | AL28: =AJ28+AK28 -> 14.88
E29: 242T | F29: =F23 -> 0 | G29: =$A$21 -> 0 | H29: 9.5 | I29: 9.26 | J29: 16 | K29: -0.3 | L29: =J29+K29 -> 15.7 | R29: 242T | S29: =F29 -> 0 | T29: =$N$21 -> 0 | U29: 9.5 | V29: 10.10497 | W29: 16 | X29: -0.54 | Y29: =W29+X29 -> 15.46 | AE29: 242T | AF29: =AF23 -> 0 | AG29: =$AA$21 -> 0 | AH29: 9.5 | AI29: 9.7374437 | AJ29: 16 | AK29: -0.12 | AL29: =AJ29+AK29 -> 15.88
E30: 484T | F30: =F24 -> 0 | G30: =$A$21 -> 0 | H30: 11.5 | I30: 11.09 | J30: 15 | K30: -0.3 | L30: =J30+K30 -> 14.7 | R30: 484T | S30: =F30 -> 0 | T30: =$N$21 -> 0 | U30: 11.5 | V30: 11.850733 | W30: 15 | X30: -0.54 | Y30: =W30+X30 -> 14.46 | AE30: 484T | AF30: =AF24 -> 0 | AG30: =$AA$21 -> 0 | AH30: 11.5 | AI30: 11.747354 | AJ30: 15 | AK30: -0.12 | AL30: =AJ30+AK30 -> 14.88
E31: SU | F31: =F25 -> X | G31: =$A$21 -> 0 | H31: 14.5 | I31: 15.06 | J31: 15 | K31: -0.3 | L31: =J31+K31 -> 14.7 | R31: SU | S31: =F31 -> X | T31: =$N$21 -> 0 | U31: 14.5 | V31: 15.724819 | W31: 15 | X31: -0.54 | Y31: =W31+X31 -> 14.46 | AE31: SU | AF31: =AF25 -> X | AG31: =$AA$21 -> 0 | AH31: 14.5 | AI31: 16.02344 | AJ31: 15 | AK31: -0.12 | AL31: =AJ31+AK31 -> 14.88
C32: 5310 | D32: 62 | E32: 26T | F32: =F26 -> 0 | G32: =$A$21 -> 0 | H32: 15.5 | I32: 15.77 | J32: 10 | K32: -0.3 | L32: =J32+K32 -> 9.7 | P32: 5670 | Q32: 134 | R32: 26T | S32: =F32 -> 0 | T32: =$N$21 -> 0 | U32: 15.5 | V32: 16.336844 | W32: 10 | X32: -0.54 | Y32: =W32+X32 -> 9.46 | AA32: Worst Data Rate | AB32: 802.11ax HE80 | AC32: 5775 | AD32: 155 | AE32: 26T | AG32: =$AA$33 -> 0 | AH32: 15.5 | AI32: 16.588076 | AJ32: 10 | AK32: -0.12 | AL32: =AJ32+AK32 -> 9.88
E33: 52T | F33: =F27 -> 0 | G33: =$A$21 -> 0 | H33: 14.5 | I33: 13.91 | J33: 12 | K33: -0.3 | L33: =J33+K33 -> 11.7 | R33: 52T | S33: =F33 -> 0 | T33: =$N$21 -> 0 | U33: 14.5 | V33: 14.148429 | W33: 12 | X33: -0.54 | Y33: =W33+X33 -> 11.46 | AE33: 52T | AG33: =$AA$33 -> 0 | AH33: 14.5 | AI33: 14.713943 | AJ33: 12 | AK33: -0.12 | AL33: =AJ33+AK33 -> 11.88
E34: 106T | F34: =F28 -> 0 | G34: =$A$21 -> 0 | H34: 14.5 | I34: 14.16 | J34: 15 | K34: -0.3 | L34: =J34+K34 -> 14.7 | R34: 106T | S34: =F34 -> 0 | T34: =$N$21 -> 0 | U34: 14.5 | V34: 15.090401 | W34: 15 | X34: -0.54 | Y34: =W34+X34 -> 14.46 | AE34: 106T | AG34: =$AA$33 -> 0 | AH34: 14.5 | AI34: 14.52711 | AJ34: 15 | AK34: -0.12 | AL34: =AJ34+AK34 -> 14.88
E35: 242T | F35: =F29 -> 0 | G35: =$A$21 -> 0 | H35: 9.5 | I35: 9.12 | J35: 16 | K35: -0.3 | L35: =J35+K35 -> 15.7 | R35: 242T | S35: =F35 -> 0 | T35: =$N$21 -> 0 | U35: 9.5 | V35: 9.9115649 | W35: 16 | X35: -0.54 | Y35: =W35+X35 -> 15.46 | AE35: 242T | AG35: =$AA$33 -> 0 | AH35: 9.5 | AI35: 9.7192705 | AJ35: 16 | AK35: -0.12 | AL35: =AJ35+AK35 -> 15.88
E36: 484T | F36: =F30 -> 0 | G36: =$A$21 -> 0 | H36: 11.5 | I36: 10.85 | J36: 15 | K36: -0.3 | L36: =J36+K36 -> 14.7 | R36: 484T | S36: =F36 -> 0 | T36: =$N$21 -> 0 | U36: 11.5 | V36: 11.736106 | W36: 15 | X36: -0.54 | Y36: =W36+X36 -> 14.46 | AE36: 484T | AG36: =$AA$33 -> 0 | AH36: 11.5 | AI36: 11.784361 | AJ36: 15 | AK36: -0.12 | AL36: =AJ36+AK36 -> 14.88
E37: SU | F37: =F31 -> X | G37: =$A$21 -> 0 | H37: 14.5 | I37: 15.31 | J37: 15 | K37: -0.3 | L37: =J37+K37 -> 14.7 | R37: SU | S37: =F37 -> X | T37: =$N$21 -> 0 | U37: 14.5 | V37: 15.434997 | W37: 15 | X37: -0.54 | Y37: =W37+X37 -> 14.46 | AE37: 996T | AG37: =$AA$33 -> 0 | AH37: 14.5 | AI37: 16.049385 | AJ37: 15 | AK37: -0.12 | AL37: =AJ37+AK37 -> 14.88
A38: Worst Data Rate | B38: 802.11ax HE80 | C38: 5210 | D38: 42 | E38: 26T | G38: =$A$39 -> 0 | H38: 15.5 | I38: 15.57 | J38: 10 | K38: -0.3 | L38: =J38+K38 -> 9.7 | N38: Worst Data Rate | O38: 802.11ax HE80 | P38: 5530 | Q38: 106 | R38: 26T | S38: =F38 -> 0 | T38: =$N$39 -> 0 | U38: 15.5 | V38: 15.854654 | W38: 10 | X38: -0.54 | Y38: =W38+X38 -> 9.46 | AE38: SU | AF38: X | AG38: =$AA$33 -> 0 | AH38: 15.5 | AI38: 15.601963 | AJ38: 10 | AK38: -0.12 | AL38: =AJ38+AK38 -> 9.88
E39: 52T | G39: =$A$39 -> 0 | H39: 14.5 | I39: 14.25 | J39: 12 | K39: -0.3 | L39: =J39+K39 -> 11.7 | R39: 52T | S39: =F39 -> 0 | T39: =$N$39 -> 0 | U39: 14.5 | V39: 14.366687 | W39: 12 | X39: -0.54 | Y39: =W39+X39 -> 11.46
E40: 106T | G40: =$A$39 -> 0 | H40: 14.5 | I40: 14.21 | J40: 15 | K40: -0.3 | L40: =J40+K40 -> 14.7 | R40: 106T | S40: =F40 -> 0 | T40: =$N$39 -> 0 | U40: 14.5 | V40: 15.142134 | W40: 15 | X40: -0.54 | Y40: =W40+X40 -> 14.46
E41: 242T | G41: =$A$39 -> 0 | H41: 9.5 | I41: 9.07 | J41: 16 | K41: -0.3 | L41: =J41+K41 -> 15.7 | R41: 242T | S41: =F41 -> 0 | T41: =$N$39 -> 0 | U41: 9.5 | V41: 9.7396289 | W41: 16 | X41: -0.54 | Y41: =W41+X41 -> 15.46
E42: 484T | G42: =$A$39 -> 0 | H42: 11.5 | I42: 11.16 | J42: 15 | K42: -0.3 | L42: =J42+K42 -> 14.7 | R42: 484T | S42: =F42 -> 0 | T42: =$N$39 -> 0 | U42: 11.5 | V42: 11.582492 | W42: 15 | X42: -0.54 | Y42: =W42+X42 -> 14.46
E43: 996T | G43: =$A$39 -> 0 | H43: 14.5 | I43: 14.92 | J43: 15 | K43: -0.3 | L43: =J43+K43 -> 14.7 | R43: 996T | S43: =F43 -> 0 | T43: =$N$39 -> 0 | U43: 14.5 | V43: 15.698978 | W43: 15 | X43: -0.54 | Y43: =W43+X43 -> 14.46
E44: SU | F44: X | G44: =$A$39 -> 0 | H44: 15.5 | I44: 15.39 | J44: 10 | K44: -0.3 | L44: =J44+K44 -> 9.7 | R44: SU | S44: =F44 -> X | T44: =$N$39 -> 0 | U44: 15.5 | V44: 16.255016 | W44: 10 | X44: -0.54 | Y44: =W44+X44 -> 9.46
C45: 5290 | D45: 58 | E45: 26T | F45: =F38 -> 0 | G45: =$A$39 -> 0 | H45: 14.5 | I45: 15.03 | J45: 12 | K45: -0.3 | L45: =J45+K45 -> 11.7 | P45: 5610 | Q45: 122 | R45: 26T | S45: =F45 -> 0 | T45: =$N$39 -> 0 | U45: 14.5 | V45: 15.964736 | W45: 12 | X45: -0.54 | Y45: =W45+X45 -> 11.46
E46: 52T | F46: =F39 -> 0 | G46: =$A$39 -> 0 | H46: 14.5 | I46: 14.85 | J46: 15 | K46: -0.3 | L46: =J46+K46 -> 14.7 | R46: 52T | S46: =F46 -> 0 | T46: =$N$39 -> 0 | U46: 14.5 | V46: 15.159202 | W46: 15 | X46: -0.54 | Y46: =W46+X46 -> 14.46
E47: 106T | F47: =F40 -> 0 | G47: =$A$39 -> 0 | H47: 9.5 | I47: 9.81 | J47: 16 | K47: -0.3 | L47: =J47+K47 -> 15.7 | R47: 106T | S47: =F47 -> 0 | T47: =$N$39 -> 0 | U47: 9.5 | V47: 10.194048 | W47: 16 | X47: -0.54 | Y47: =W47+X47 -> 15.46
E48: 242T | F48: =F41 -> 0 | G48: =$A$39 -> 0 | H48: 11.5 | I48: 11.76 | J48: 15 | K48: -0.3 | L48: =J48+K48 -> 14.7 | R48: 242T | S48: =F48 -> 0 | T48: =$N$39 -> 0 | U48: 11.5 | V48: 12.316498 | W48: 15 | X48: -0.54 | Y48: =W48+X48 -> 14.46
E49: 484T | F49: =F42 -> 0 | G49: =$A$39 -> 0 | H49: 14.5 | I49: 15.32 | J49: 15 | K49: -0.3 | L49: =J49+K49 -> 14.7 | R49: 484T | S49: =F49 -> 0 | T49: =$N$39 -> 0 | U49: 14.5 | V49: 15.333814 | W49: 15 | X49: -0.54 | Y49: =W49+X49 -> 14.46
E50: 996T | F50: =F43 -> 0 | G50: =$A$39 -> 0 | H50: 15.5 | I50: 16.22 | J50: 10 | K50: -0.3 | L50: =J50+K50 -> 9.7 | R50: 996T | S50: =F50 -> 0 | T50: =$N$39 -> 0 | U50: 15.5 | V50: 16.662111 | W50: 10 | X50: -0.54 | Y50: =W50+X50 -> 9.46
E51: SU | F51: =F44 -> X | G51: =$A$39 -> 0 | H51: 14.5 | I51: 15.26 | J51: 12 | K51: -0.3 | L51: =J51+K51 -> 11.7 | R51: SU | S51: =F51 -> X | T51: =$N$39 -> 0 | U51: 14.5 | V51: 15.612257 | W51: 12 | X51: -0.54 | Y51: =W51+X51 -> 11.46
A52: Worst Data Rate | B52: 802.11ax HE160 | C52: 5250 | D52: 50 | E52: 26T | G52: =$A$53 -> 0 | H52: 14.5 | I52: 15.38 | J52: 15 | K52: -0.3 | L52: =J52+K52 -> 14.7 | N52: Worst Data Rate | O52: 802.11ax HE160 | P52: 5570 | Q52: 114 | R52: 26T | S52: =F52 -> 0 | T52: =$N$53 -> 0 | U52: 14.5 | V52: 16.274038 | W52: 15 | X52: -0.54 | Y52: =W52+X52 -> 14.46
E53: 52T | G53: =$A$53 -> 0 | H53: 9.5 | I53: 9.38 | J53: 16 | K53: -0.3 | L53: =J53+K53 -> 15.7 | R53: 52T | S53: =F53 -> 0 | T53: =$N$53 -> 0 | U53: 9.5 | V53: 10.378296 | W53: 16 | X53: -0.54 | Y53: =W53+X53 -> 15.46
E54: 106T | G54: =$A$53 -> 0 | H54: 11.5 | I54: 11.32 | J54: 15 | K54: -0.3 | L54: =J54+K54 -> 14.7 | R54: 106T | S54: =F54 -> 0 | T54: =$N$53 -> 0 | U54: 11.5 | V54: 11.882177 | W54: 15 | X54: -0.54 | Y54: =W54+X54 -> 14.46
E55: 242T | G55: =$A$53 -> 0 | H55: 14.5 | I55: 14.44 | J55: 15 | K55: -0.3 | L55: =J55+K55 -> 14.7 | R55: 242T | S55: =F55 -> 0 | T55: =$N$53 -> 0 | U55: 14.5 | V55: 15.268601 | W55: 15 | X55: -0.54 | Y55: =W55+X55 -> 14.46
E56: 484T | G56: =$A$53 -> 0 | H56: 15.5 | I56: 15.36 | J56: 15 | K56: -0.3 | L56: =J56+K56 -> 14.7 | R56: 484T | S56: =F56 -> 0 | T56: =$N$53 -> 0 | U56: 15.5 | V56: 16.012843 | W56: 15 | X56: -0.54 | Y56: =W56+X56 -> 14.46
E57: 996T | G57: =$A$53 -> 0 | H57: 14.5 | I57: 14.58 | J57: 15 | K57: -0.3 | L57: =J57+K57 -> 14.7 | R57: 996T | S57: =F57 -> 0 | T57: =$N$53 -> 0 | U57: 14.5 | V57: 15.194449 | W57: 15 | X57: -0.54 | Y57: =W57+X57 -> 14.46
E58: 2x996T | G58: =$A$53 -> 0 | H58: 14.5 | I58: 14.65 | J58: 15 | K58: -0.3 | L58: =J58+K58 -> 14.7 | R58: 2x996T | S58: =F58 -> 0 | T58: =$N$53 -> 0 | U58: 14.5 | V58: 14.669926 | W58: 15 | X58: -0.54 | Y58: =W58+X58 -> 14.46
E59: SU | F59: X | G59: =$A$53 -> 0 | H59: 14.5 | I59: 14.65 | J59: 15 | K59: -0.3 | L59: =J59+K59 -> 14.7 | R59: SU | S59: X | T59: =$N$53 -> 0 | U59: 14.5 | V59: 15.517359 | W59: 15 | X59: -0.54 | Y59: =W59+X59 -> 14.46

Sheet WLAN 5 GHz 802.11ax Ant2
B2: SISO (Antenna 2)
B3: 5.2 GHz 802.11ax | O3: 5.5 GHz 802.11ax | AB3: 5.8 GHz 802.11ax
B4: Mode | C4: Freq. (㎒) | D4: Channel | E4: Tone | F4: Worst RU | G4: Data Rate | H4: PLS | I4: Average Power(㏈m) | J4: Tune-Up Power(㏈m) | K4: Peak Gain (dBi) | L4: E.I.R.P | O4: Mode | P4: Freq. (㎒) | Q4: Channel | R4: Tone | S4: Worst RU | T4: Data Rate | U4: PLS | V4: Average Power(㏈m) | W4: Tune-Up Power(㏈m) | X4: Peak Gain (dBi) | Y4: E.I.R.P | AB4: Mode | AC4: Freq. (㎒) | AD4: Channel | AE4: Tone | AF4: Worst RU | AG4: Data Rate | AH4: PLS | AI4: Average Power(㏈m) | AJ4: Tune-Up Power(㏈m) | AK4: Peak Gain (dBi) | AL4: E.I.R.P
A5: Worst Data Rate | B5: 802.11ax HE20 | C5: 5180 | D5: 36 | E5: 26T | F5: ='WLAN 5 GHz 802.11ax Ant1'!F5 -> 0 | G5: =$A$6 -> 0 | H5: 9.5 | I5: 9.4349578 | J5: 10 | K5: -0.14 | L5: =J5+K5 -> 9.86 | N5: Worst Data Rate | O5: 802.11ax HE20 | P5: 5500 | Q5: 100 | R5: 26T | S5: ='WLAN 5 GHz 802.11ax Ant1'!S5 -> 0 | T5: =$N$6 -> 0 | U5: 9.5 | V5: 9.9181717 | W5: 10 | X5: -0.54 | Y5: =W5+X5 -> 9.46 | AA5: Worst Data Rate | AB5: 802.11ax HE20 | AC5: 5745 | AD5: 149 | AE5: 26T | AF5: ='WLAN 5 GHz 802.11ax Ant1'!AF5 -> 0 | AG5: =$AA$6 -> 0 | AH5: 9.5 | AI5: 9.9545106 | AJ5: 10 | AK5: -0.36 | AL5: =AJ5+AK5 -> 9.64
A6: ='WLAN 5 GHz 802.11ax Ant1'!A6 -> 0 | E6: 52T | F6: ='WLAN 5 GHz 802.11ax Ant1'!F6 -> 0 | G6: =$A$6 -> 0 | H6: 11.5 | I6: 11.629974 | J6: 12 | K6: -0.14 | L6: =J6+K6 -> 11.86 | N6: ='WLAN 5 GHz 802.11ax Ant1'!N6 -> 0 | R6: 52T | S6: ='WLAN 5 GHz 802.11ax Ant1'!S6 -> 0 | T6: =$N$6 -> 0 | U6: 11.5 | V6: 11.948286 | W6: 12 | X6: -0.54 | Y6: =W6+X6 -> 11.46 | AA6: ='WLAN 5 GHz 802.11ax Ant1'!AA6 -> 0 | AE6: 52T | AF6: ='WLAN 5 GHz 802.11ax Ant1'!AF6 -> 0 | AG6: =$AA$6 -> 0 | AH6: 11.5 | AI6: 11.480382 | AJ6: 12 | AK6: -0.36 | AL6: =AJ6+AK6 -> 11.64
E7: 106T | F7: ='WLAN 5 GHz 802.11ax Ant1'!F7 -> 0 | G7: =$A$6 -> 0 | H7: 14.5 | I7: 14.404861 | J7: 15 | K7: -0.14 | L7: =J7+K7 -> 14.86 | R7: 106T | S7: ='WLAN 5 GHz 802.11ax Ant1'!S7 -> 0 | T7: =$N$6 -> 0 | U7: 14.5 | V7: 15.075364 | W7: 15 | X7: -0.54 | Y7: =W7+X7 -> 14.46 | AE7: 106T | AF7: ='WLAN 5 GHz 802.11ax Ant1'!AF7 -> 0 | AG7: =$AA$6 -> 0 | AH7: 14.5 | AI7: 14.484112 | AJ7: 15 | AK7: -0.36 | AL7: =AJ7+AK7 -> 14.64
E8: 242T | F8: ='WLAN 5 GHz 802.11ax Ant1'!F8 -> 0 | G8: =$A$6 -> 0 | H8: 15.5 | I8: 16.118967 | J8: 16 | K8: -0.14 | L8: =J8+K8 -> 15.86 | R8: 242T | S8: ='WLAN 5 GHz 802.11ax Ant1'!S8 -> 0 | T8: =$N$6 -> 0 | U8: 15.5 | V8: 16.470343 | W8: 16 | X8: -0.54 | Y8: =W8+X8 -> 15.46 | AE8: 242T | AF8: ='WLAN 5 GHz 802.11ax Ant1'!AF8 -> 0 | AG8: =$AA$6 -> 0 | AH8: 15.5 | AI8: 16.42938 | AJ8: 16 | AK8: -0.36 | AL8: =AJ8+AK8 -> 15.64
E9: SU | F9: ='WLAN 5 GHz 802.11ax Ant1'!F9 -> X | G9: =$A$6 -> 0 | H9: 14.5 | I9: 15.042048 | J9: 15 | K9: -0.14 | L9: =J9+K9 -> 14.86 | R9: SU | S9: ='WLAN 5 GHz 802.11ax Ant1'!S9 -> X | T9: =$N$6 -> 0 | U9: 14.5 | V9: 15.400378 | W9: 15 | X9: -0.54 | Y9: =W9+X9 -> 14.46 | AE9: SU | AF9: ='WLAN 5 GHz 802.11ax Ant1'!AF9 -> X | AG9: =$AA$6 -> 0 | AH9: 14.5 | AI9: 15.353226 | AJ9: 15 | AK9: -0.36 | AL9: =AJ9+AK9 -> 14.64
C10: 5260 | D10: 52 | E10: 26T | F10: ='WLAN 5 GHz 802.11ax Ant1'!F10 -> 0 | G10: =$A$6 -> 0 | H10: 14.5 | I10: 15.397853 | J10: 15 | K10: -0.14 | L10: =J10+K10 -> 14.86 | P10: 5600 | Q10: 120 | R10: 26T | S10: ='WLAN 5 GHz 802.11ax Ant1'!S10 -> 0 | T10: =$N$6 -> 0 | U10: 14.5 | V10: 15.22574 | W10: 15 | X10: -0.54 | Y10: =W10+X10 -> 14.46 | AC10: 5785 | AD10: 157 | AE10: 26T | AF10: ='WLAN 5 GHz 802.11ax Ant1'!AF10 -> 0 | AG10: =$AA$6 -> 0 | AH10: 14.5 | AI10: 15.557763 | AJ10: 15 | AK10: -0.36 | AL10: =AJ10+AK10 -> 14.64
E11: 52T | F11: ='WLAN 5 GHz 802.11ax Ant1'!F11 -> 0 | G11: =$A$6 -> 0 | H11: 9.5 | I11: 9.6890486 | J11: 10 | K11: -0.14 | L11: =J11+K11 -> 9.86 | R11: 52T | S11: ='WLAN 5 GHz 802.11ax Ant1'!S11 -> 0 | T11: =$N$6 -> 0 | U11: 9.5 | V11: 9.8741654 | W11: 10 | X11: -0.54 | Y11: =W11+X11 -> 9.46 | AE11: 52T | AF11: ='WLAN 5 GHz 802.11ax Ant1'!AF11 -> 0 | AG11: =$AA$6 -> 0 | AH11: 9.5 | AI11: 9.589279 | AJ11: 10 | AK11: -0.36 | AL11: =AJ11+AK11 -> 9.64
E12: 106T | F12: ='WLAN 5 GHz 802.11ax Ant1'!F12 -> 0 | G12: =$A$6 -> 0 | H12: 11.5 | I12: 11.856258 | J12: 12 | K12: -0.14 | L12: =J12+K12 -> 11.86 | R12: 106T | S12: ='WLAN 5 GHz 802.11ax Ant1'!S12 -> 0 | T12: =$N$6 -> 0 | U12: 11.5 | V12: 11.851165 | W12: 12 | X12: -0.54 | Y12: =W12+X12 -> 11.46 | AE12: 106T | AF12: ='WLAN 5 GHz 802.11ax Ant1'!AF12 -> 0 | AG12: =$AA$6 -> 0 | AH12: 11.5 | AI12: 12.002296 | AJ12: 12 | AK12: -0.36 | AL12: =AJ12+AK12 -> 11.64
E13: 242T | F13: ='WLAN 5 GHz 802.11ax Ant1'!F13 -> 0 | G13: =$A$6 -> 0 | H13: 14.5 | I13: 14.533693 | J13: 15 | K13: -0.14 | L13: =J13+K13 -> 14.86 | R13: 242T | S13: ='WLAN 5 GHz 802.11ax Ant1'!S13 -> 0 | T13: =$N$6 -> 0 | U13: 14.5 | V13: 14.170007 | W13: 15 | X13: -0.54 | Y13: =W13+X13 -> 14.46 | AE13: 242T | AF13: ='WLAN 5 GHz 802.11ax Ant1'!AF13 -> 0 | AG13: =$AA$6 -> 0 | AH13: 14.5 | AI13: 14.666601 | AJ13: 15 | AK13: -0.36 | AL13: =AJ13+AK13 -> 14.64
E14: SU | F14: ='WLAN 5 GHz 802.11ax Ant1'!F14 -> X | G14: =$A$6 -> 0 | H14: 15.5 | I14: 16.100195 | J14: 16 | K14: -0.14 | L14: =J14+K14 -> 15.86 | R14: SU | S14: ='WLAN 5 GHz 802.11ax Ant1'!S14 -> X | T14: =$N$6 -> 0 | U14: 15.5 | V14: 15.919521 | W14: 16 | X14: -0.54 | Y14: =W14+X14 -> 15.46 | AE14: SU | AF14: ='WLAN 5 GHz 802.11ax Ant1'!AF14 -> X | AG14: =$AA$6 -> 0 | AH14: 15.5 | AI14: 16.362483 | AJ14: 16 | AK14: -0.36 | AL14: =AJ14+AK14 -> 15.64
C15: 5320 | D15: 64 | E15: 26T | F15: ='WLAN 5 GHz 802.11ax Ant1'!F15 -> 0 | G15: =$A$6 -> 0 | H15: 14.5 | I15: 15.338748 | J15: 15 | K15: -0.14 | L15: =J15+K15 -> 14.86 | P15: 5700 | Q15: 140 | R15: 26T | S15: ='WLAN 5 GHz 802.11ax Ant1'!S15 -> 0 | T15: =$N$6 -> 0 | U15: 14.5 | V15: 15.061958 | W15: 15 | X15: -0.54 | Y15: =W15+X15 -> 14.46 | AC15: 5825 | AD15: 165 | AE15: 26T | AF15: ='WLAN 5 GHz 802.11ax Ant1'!AF15 -> 0 | AG15: =$AA$6 -> 0 | AH15: 14.5 | AI15: 15.037964 | AJ15: 15 | AK15: -0.36 | AL15: =AJ15+AK15 -> 14.64
E16: 52T | F16: ='WLAN 5 GHz 802.11ax Ant1'!F16 -> 0 | G16: =$A$6 -> 0 | H16: 14.5 | I16: 15.374951 | J16: 15 | K16: -0.14 | L16: =J16+K16 -> 14.86 | R16: 52T | S16: ='WLAN 5 GHz 802.11ax Ant1'!S16 -> 0 | T16: =$N$6 -> 0 | U16: 14.5 | V16: 15.49877 | W16: 15 | X16: -0.54 | Y16: =W16+X16 -> 14.46 | AE16: 52T | AF16: ='WLAN 5 GHz 802.11ax Ant1'!AF16 -> 0 | AG16: =$AA$6 -> 0 | AH16: 14.5 | AI16: 15.405928 | AJ16: 15 | AK16: -0.36 | AL16: =AJ16+AK16 -> 14.64
E17: 106T | F17: ='WLAN 5 GHz 802.11ax Ant1'!F17 -> 0 | G17: =$A$6 -> 0 | H17: 9.5 | I17: 10.93736 | J17: 10 | K17: -0.14 | L17: =J17+K17 -> 9.86 | R17: 106T | S17: ='WLAN 5 GHz 802.11ax Ant1'!S17 -> 0 | T17: =$N$6 -> 0 | U17: 9.5 | V17: 10.197809 | W17: 10 | X17: -0.54 | Y17: =W17+X17 -> 9.46 | AE17: 106T | AF17: ='WLAN 5 GHz 802.11ax Ant1'!AF17 -> 0 | AG17: =$AA$6 -> 0 | AH17: 9.5 | AI17: 10.830829 | AJ17: 10 | AK17: -0.36 | AL17: =AJ17+AK17 -> 9.64
E18: 242T | F18: ='WLAN 5 GHz 802.11ax Ant1'!F18 -> 0 | G18: =$A$6 -> 0 | H18: 11.5 | I18: 12.45604 | J18: 12 | K18: -0.14 | L18: =J18+K18 -> 11.86 | R18: 242T | S18: ='WLAN 5 GHz 802.11ax Ant1'!S18 -> 0 | T18: =$N$6 -> 0 | U18: 11.5 | V18: 12.400302 | W18: 12 | X18: -0.54 | Y18: =W18+X18 -> 11.46 | AE18: 242T | AF18: ='WLAN 5 GHz 802.11ax Ant1'!AF18 -> 0 | AG18: =$AA$6 -> 0 | AH18: 11.5 | AI18: 12.392146 | AJ18: 12 | AK18: -0.36 | AL18: =AJ18+AK18 -> 11.64
E19: SU | F19: ='WLAN 5 GHz 802.11ax Ant1'!F19 -> X | G19: =$A$6 -> 0 | H19: 14.5 | I19: 15.125104 | J19: 15 | K19: -0.14 | L19: =J19+K19 -> 14.86 | R19: SU | S19: ='WLAN 5 GHz 802.11ax Ant1'!S19 -> X | T19: =$N$6 -> 0 | U19: 14.5 | V19: 15.606528 | W19: 15 | X19: -0.54 | Y19: =W19+X19 -> 14.46 | AE19: SU | AF19: ='WLAN 5 GHz 802.11ax Ant1'!AF19 -> X | AG19: =$AA$6 -> 0 | AH19: 14.5 | AI19: 15.3639 | AJ19: 15 | AK19: -0.36 | AL19: =AJ19+AK19 -> 14.64
A20: Worst Data Rate | B20: 802.11ax HE40 | C20: 5190 | D20: 38 | E20: 26T | F20: ='WLAN 5 GHz 802.11ax Ant1'!F20 -> 0 | G20: =$A$21 -> 0 | H20: 15.5 | I20: 16.747251 | J20: 10 | K20: -0.14 | L20: =J20+K20 -> 9.86 | N20: Worst Data Rate | O20: 802.11ax HE40 | P20: 5510 | Q20: 102 | R20: 26T | S20: ='WLAN 5 GHz 802.11ax Ant1'!S20 -> 0 | T20: =$N$21 -> 0 | U20: 15.5 | V20: 16.867947 | W20: 10 | X20: -0.54 | Y20: =W20+X20 -> 9.46 | AA20: Worst Data Rate | AB20: 802.11ax HE40 | AC20: 5755 | AD20: 151 | AE20: 26T | AF20: ='WLAN 5 GHz 802.11ax Ant1'!AF20 -> 0 | AG20: =$AA$21 -> 0 | AH20: 15.5 | AI20: 16.680328 | AJ20: 10 | AK20: -0.36 | AL20: =AJ20+AK20 -> 9.64
A21: ='WLAN 5 GHz 802.11ax Ant1'!A21 -> 0 | E21: 52T | F21: ='WLAN 5 GHz 802.11ax Ant1'!F21 -> 0 | G21: =$A$21 -> 0 | H21: 14.5 | I21: 15.595467 | J21: 12 | K21: -0.14 | L21: =J21+K21 -> 11.86 | N21: ='WLAN 5 GHz 802.11ax Ant1'!N21 -> 0 | R21: 52T | S21: ='WLAN 5 GHz 802.11ax Ant1'!S21 -> 0 | T21: =$N$21 -> 0 | U21: 14.5 | V21: 16.302375 | W21: 12 | X21: -0.54 | Y21: =W21+X21 -> 11.46 | AA21: ='WLAN 5 GHz 802.11ax Ant1'!AA21 -> 0 | AE21: 52T | AF21: ='WLAN 5 GHz 802.11ax Ant1'!AF21 -> 0 | AG21: =$AA$21 -> 0 | AH21: 14.5 | AI21: 15.774996 | AJ21: 12 | AK21: -0.36 | AL21: =AJ21+AK21 -> 11.64
E22: 106T | F22: ='WLAN 5 GHz 802.11ax Ant1'!F22 -> 0 | G22: =$A$21 -> 0 | H22: 14.5 | I22: 16.592828 | J22: 15 | K22: -0.14 | L22: =J22+K22 -> 14.86 | R22: 106T | S22: ='WLAN 5 GHz 802.11ax Ant1'!S22 -> 0 | T22: =$N$21 -> 0 | U22: 14.5 | V22: 16.294964 | W22: 15 | X22: -0.54 | Y22: =W22+X22 -> 14.46 | AE22: 106T | AF22: ='WLAN 5 GHz 802.11ax Ant1'!AF22 -> 0 | AG22: =$AA$21 -> 0 | AH22: 14.5 | AI22: 16.469123 | AJ22: 15 | AK22: -0.36 | AL22: =AJ22+AK22 -> 14.64
E23: 242T | F23: ='WLAN 5 GHz 802.11ax Ant1'!F23 -> 0 | G23: =$A$21 -> 0 | H23: 9.5 | I23: 9.7322811 | J23: 16 | K23: -0.14 | L23: =J23+K23 -> 15.86 | R23: 242T | S23: ='WLAN 5 GHz 802.11ax Ant1'!S23 -> 0 | T23: =$N$21 -> 0 | U23: 9.5 | V23: 9.8255897 | W23: 16 | X23: -0.54 | Y23: =W23+X23 -> 15.46 | AE23: 242T | AF23: ='WLAN 5 GHz 802.11ax Ant1'!AF23 -> 0 | AG23: =$AA$21 -> 0 | AH23: 9.5 | AI23: 10.100196 | AJ23: 16 | AK23: -0.36 | AL23: =AJ23+AK23 -> 15.64
E24: 484T | F24: ='WLAN 5 GHz 802.11ax Ant1'!F24 -> 0 | G24: =$A$21 -> 0 | H24: 11.5 | I24: 11.94211 | J24: 15 | K24: -0.14 | L24: =J24+K24 -> 14.86 | R24: 484T | S24: ='WLAN 5 GHz 802.11ax Ant1'!S24 -> 0 | T24: =$N$21 -> 0 | U24: 11.5 | V24: 11.049099 | W24: 15 | X24: -0.54 | Y24: =W24+X24 -> 14.46 | AE24: 484T | AF24: ='WLAN 5 GHz 802.11ax Ant1'!AF24 -> 0 | AG24: =$AA$21 -> 0 | AH24: 11.5 | AI24: 11.341068 | AJ24: 15 | AK24: -0.36 | AL24: =AJ24+AK24 -> 14.64
E25: SU | F25: ='WLAN 5 GHz 802.11ax Ant1'!F25 -> X | G25: =$A$21 -> 0 | H25: 14.5 | I25: 15.495022 | J25: 15 | K25: -0.14 | L25: =J25+K25 -> 14.86 | R25: SU | S25: ='WLAN 5 GHz 802.11ax Ant1'!S25 -> X | T25: =$N$21 -> 0 | U25: 14.5 | V25: 16.077179 | W25: 15 | X25: -0.54 | Y25: =W25+X25 -> 14.46 | AE25: SU | AF25: ='WLAN 5 GHz 802.11ax Ant1'!AF25 -> X | AG25: =$AA$21 -> 0 | AH25: 14.5 | AI25: 16.022867 | AJ25: 15 | AK25: -0.36 | AL25: =AJ25+AK25 -> 14.64
C26: 5270 | D26: 54 | E26: 26T | F26: ='WLAN 5 GHz 802.11ax Ant1'!F26 -> 0 | G26: =$A$21 -> 0 | H26: 15.5 | I26: 15.827798 | J26: 10 | K26: -0.14 | L26: =J26+K26 -> 9.86 | P26: 5590 | Q26: 118 | R26: 26T | S26: ='WLAN 5 GHz 802.11ax Ant1'!S26 -> 0 | T26: =$N$21 -> 0 | U26: 15.5 | V26: 15.407007 | W26: 10 | X26: -0.54 | Y26: =W26+X26 -> 9.46 | AC26: 5795 | AD26: 159 | AE26: 26T | AF26: ='WLAN 5 GHz 802.11ax Ant1'!AF26 -> 0 | AG26: =$AA$21 -> 0 | AH26: 15.5 | AI26: 15.567285 | AJ26: 10 | AK26: -0.36 | AL26: =AJ26+AK26 -> 9.64
E27: 52T | F27: ='WLAN 5 GHz 802.11ax Ant1'!F27 -> 0 | G27: =$A$21 -> 0 | H27: 14.5 | I27: 14.477051 | J27: 12 | K27: -0.14 | L27: =J27+K27 -> 11.86 | R27: 52T | S27: ='WLAN 5 GHz 802.11ax Ant1'!S27 -> 0 | T27: =$N$21 -> 0 | U27: 14.5 | V27: 14.562608 | W27: 12 | X27: -0.54 | Y27: =W27+X27 -> 11.46 | AE27: 52T | AF27: ='WLAN 5 GHz 802.11ax Ant1'!AF27 -> 0 | AG27: =$AA$21 -> 0 | AH27: 14.5 | AI27: 14.589244 | AJ27: 12 | AK27: -0.36 | AL27: =AJ27+AK27 -> 11.64
E28: 106T | F28: ='WLAN 5 GHz 802.11ax Ant1'!F28 -> 0 | G28: =$A$21 -> 0 | H28: 14.5 | I28: 15.150113 | J28: 15 | K28: -0.14 | L28: =J28+K28 -> 14.86 | R28: 106T | S28: ='WLAN 5 GHz 802.11ax Ant1'!S28 -> 0 | T28: =$N$21 -> 0 | U28: 14.5 | V28: 14.59214 | W28: 15 | X28: -0.54 | Y28: =W28+X28 -> 14.46 | AE28: 106T | AF28: ='WLAN 5 GHz 802.11ax Ant1'!AF28 -> 0 | AG28: =$AA$21 -> 0 | AH28: 14.5 | AI28: 15.371135 | AJ28: 15 | AK28: -0.36 | AL28: =AJ28+AK28 -> 14.64
E29: 242T | F29: ='WLAN 5 GHz 802.11ax Ant1'!F29 -> 0 | G29: =$A$21 -> 0 | H29: 9.5 | I29: 9.4552656 | J29: 16 | K29: -0.14 | L29: =J29+K29 -> 15.86 | R29: 242T | S29: ='WLAN 5 GHz 802.11ax Ant1'!S29 -> 0 | T29: =$N$21 -> 0 | U29: 9.5 | V29: 9.4163123 | W29: 16 | X29: -0.54 | Y29: =W29+X29 -> 15.46 | AE29: 242T | AF29: ='WLAN 5 GHz 802.11ax Ant1'!AF29 -> 0 | AG29: =$AA$21 -> 0 | AH29: 9.5 | AI29: 9.994798 | AJ29: 16 | AK29: -0.36 | AL29: =AJ29+AK29 -> 15.64
E30: 484T | F30: ='WLAN 5 GHz 802.11ax Ant1'!F30 -> 0 | G30: =$A$21 -> 0 | H30: 11.5 | I30: 11.591558 | J30: 15 | K30: -0.14 | L30: =J30+K30 -> 14.86 | R30: 484T | S30: ='WLAN 5 GHz 802.11ax Ant1'!S30 -> 0 | T30: =$N$21 -> 0 | U30: 11.5 | V30: 11.553942 | W30: 15 | X30: -0.54 | Y30: =W30+X30 -> 14.46 | AE30: 484T | AF30: ='WLAN 5 GHz 802.11ax Ant1'!AF30 -> 0 | AG30: =$AA$21 -> 0 | AH30: 11.5 | AI30: 11.500928 | AJ30: 15 | AK30: -0.36 | AL30: =AJ30+AK30 -> 14.64
E31: SU | F31: ='WLAN 5 GHz 802.11ax Ant1'!F31 -> X | G31: =$A$21 -> 0 | H31: 14.5 | I31: 15.702159 | J31: 15 | K31: -0.14 | L31: =J31+K31 -> 14.86 | R31: SU | S31: ='WLAN 5 GHz 802.11ax Ant1'!S31 -> X | T31: =$N$21 -> 0 | U31: 14.5 | V31: 15.375945 | W31: 15 | X31: -0.54 | Y31: =W31+X31 -> 14.46 | AE31: SU | AF31: ='WLAN 5 GHz 802.11ax Ant1'!AF31 -> X | AG31: =$AA$21 -> 0 | AH31: 14.5 | AI31: 15.557932 | AJ31: 15 | AK31: -0.36 | AL31: =AJ31+AK31 -> 14.64
C32: 5310 | D32: 62 | E32: 26T | F32: ='WLAN 5 GHz 802.11ax Ant1'!F32 -> 0 | G32: =$A$21 -> 0 | H32: 15.5 | I32: 16.241953 | J32: 10 | K32: -0.14 | L32: =J32+K32 -> 9.86 | P32: 5670 | Q32: 134 | R32: 26T | S32: ='WLAN 5 GHz 802.11ax Ant1'!S32 -> 0 | T32: =$N$21 -> 0 | U32: 15.5 | V32: 16.360443 | W32: 10 | X32: -0.54 | Y32: =W32+X32 -> 9.46 | AA32: Worst Data Rate | AB32: 802.11ax HE80 | AC32: 5775 | AD32: 155 | AE32: 26T | AF32: ='WLAN 5 GHz 802.11ax Ant1'!AF32 -> 0 | AG32: =$AA$33 -> 0 | AH32: 15.5 | AI32: 16.490135 | AJ32: 10 | AK32: -0.36 | AL32: =AJ32+AK32 -> 9.64
E33: 52T | F33: ='WLAN 5 GHz 802.11ax Ant1'!F33 -> 0 | G33: =$A$21 -> 0 | H33: 14.5 | I33: 14.190623 | J33: 12 | K33: -0.14 | L33: =J33+K33 -> 11.86 | R33: 52T | S33: ='WLAN 5 GHz 802.11ax Ant1'!S33 -> 0 | T33: =$N$21 -> 0 | U33: 14.5 | V33: 14.354413 | W33: 12 | X33: -0.54 | Y33: =W33+X33 -> 11.46 | AA33: ='WLAN 5 GHz 802.11ax Ant1'!AA33 -> 0 | AE33: 52T | AF33: ='WLAN 5 GHz 802.11ax Ant1'!AF33 -> 0 | AG33: =$AA$33 -> 0 | AH33: 14.5 | AI33: 13.916459 | AJ33: 12 | AK33: -0.36 | AL33: =AJ33+AK33 -> 11.64
E34: 106T | F34: ='WLAN 5 GHz 802.11ax Ant1'!F34 -> 0 | G34: =$A$21 -> 0 | H34: 14.5 | I34: 14.723756 | J34: 15 | K34: -0.14 | L34: =J34+K34 -> 14.86 | R34: 106T | S34: ='WLAN 5 GHz 802.11ax Ant1'!S34 -> 0 | T34: =$N$21 -> 0 | U34: 14.5 | V34: 14.353686 | W34: 15 | X34: -0.54 | Y34: =W34+X34 -> 14.46 | AE34: 106T | AF34: ='WLAN 5 GHz 802.11ax Ant1'!AF34 -> 0 | AG34: =$AA$33 -> 0 | AH34: 14.5 | AI34: 14.25137 | AJ34: 15 | AK34: -0.36 | AL34: =AJ34+AK34 -> 14.64
E35: 242T | F35: ='WLAN 5 GHz 802.11ax Ant1'!F35 -> 0 | G35: =$A$21 -> 0 | H35: 9.5 | I35: 9.3524484 | J35: 16 | K35: -0.14 | L35: =J35+K35 -> 15.86 | R35: 242T | S35: ='WLAN 5 GHz 802.11ax Ant1'!S35 -> 0 | T35: =$N$21 -> 0 | U35: 9.5 | V35: 9.6626553 | W35: 16 | X35: -0.54 | Y35: =W35+X35 -> 15.46 | AE35: 242T | AF35: ='WLAN 5 GHz 802.11ax Ant1'!AF35 -> 0 | AG35: =$AA$33 -> 0 | AH35: 9.5 | AI35: 9.3683947 | AJ35: 16 | AK35: -0.36 | AL35: =AJ35+AK35 -> 15.64
E36: 484T | F36: ='WLAN 5 GHz 802.11ax Ant1'!F36 -> 0 | G36: =$A$21 -> 0 | H36: 11.5 | I36: 11.107121 | J36: 15 | K36: -0.14 | L36: =J36+K36 -> 14.86 | R36: 484T | S36: ='WLAN 5 GHz 802.11ax Ant1'!S36 -> 0 | T36: =$N$21 -> 0 | U36: 11.5 | V36: 11.158669 | W36: 15 | X36: -0.54 | Y36: =W36+X36 -> 14.46 | AE36: 484T | AF36: ='WLAN 5 GHz 802.11ax Ant1'!AF36 -> 0 | AG36: =$AA$33 -> 0 | AH36: 11.5 | AI36: 10.935672 | AJ36: 15 | AK36: -0.36 | AL36: =AJ36+AK36 -> 14.64
E37: SU | F37: ='WLAN 5 GHz 802.11ax Ant1'!F37 -> X | G37: =$A$21 -> 0 | H37: 14.5 | I37: 15.505917 | J37: 15 | K37: -0.14 | L37: =J37+K37 -> 14.86 | R37: SU | S37: ='WLAN 5 GHz 802.11ax Ant1'!S37 -> X | T37: =$N$21 -> 0 | U37: 14.5 | V37: 15.539671 | W37: 15 | X37: -0.54 | Y37: =W37+X37 -> 14.46 | AE37: 996T | AF37: ='WLAN 5 GHz 802.11ax Ant1'!AF37 -> 0 | AG37: =$AA$33 -> 0 | AH37: 14.5 | AI37: 15.876954 | AJ37: 15 | AK37: -0.36 | AL37: =AJ37+AK37 -> 14.64
A38: Worst Data Rate | B38: 802.11ax HE80 | C38: 5210 | D38: 42 | E38: 26T | F38: ='WLAN 5 GHz 802.11ax Ant1'!F38 -> 0 | G38: =$A$39 -> 0 | H38: 15.5 | I38: 16.057464 | J38: 10 | K38: -0.14 | L38: =J38+K38 -> 9.86 | N38: Worst Data Rate | O38: 802.11ax HE80 | P38: 5530 | Q38: 106 | R38: 26T | S38: ='WLAN 5 GHz 802.11ax Ant1'!S38 -> 0 | T38: =$N$39 -> 0 | U38: 15.5 | V38: 15.645466 | W38: 10 | X38: -0.54 | Y38: =W38+X38 -> 9.46 | AE38: SU | AF38: ='WLAN 5 GHz 802.11ax Ant1'!AF38 -> X | AG38: =$AA$33 -> 0 | AH38: 15.5 | AI38: 16.43402 | AJ38: 10 | AK38: -0.36 | AL38: =AJ38+AK38 -> 9.64
A39: ='WLAN 5 GHz 802.11ax Ant1'!A39 -> 0 | E39: 52T | F39: ='WLAN 5 GHz 802.11ax Ant1'!F39 -> 0 | G39: =$A$39 -> 0 | H39: 14.5 | I39: 14.451789 | J39: 12 | K39: -0.14 | L39: =J39+K39 -> 11.86 | N39: ='WLAN 5 GHz 802.11ax Ant1'!N39 -> 0 | R39: 52T | S39: ='WLAN 5 GHz 802.11ax Ant1'!S39 -> 0 | T39: =$N$39 -> 0 | U39: 14.5 | V39: 14.891628 | W39: 12 | X39: -0.54 | Y39: =W39+X39 -> 11.46
E40: 106T | F40: ='WLAN 5 GHz 802.11ax Ant1'!F40 -> 0 | G40: =$A$39 -> 0 | H40: 14.5 | I40: 14.367011 | J40: 15 | K40: -0.14 | L40: =J40+K40 -> 14.86 | R40: 106T | S40: ='WLAN 5 GHz 802.11ax Ant1'!S40 -> 0 | T40: =$N$39 -> 0 | U40: 14.5 | V40: 14.735224 | W40: 15 | X40: -0.54 | Y40: =W40+X40 -> 14.46
E41: 242T | F41: ='WLAN 5 GHz 802.11ax Ant1'!F41 -> 0 | G41: =$A$39 -> 0 | H41: 9.5 | I41: 9.8101496 | J41: 16 | K41: -0.14 | L41: =J41+K41 -> 15.86 | R41: 242T | S41: ='WLAN 5 GHz 802.11ax Ant1'!S41 -> 0 | T41: =$N$39 -> 0 | U41: 9.5 | V41: 9.8241931 | W41: 16 | X41: -0.54 | Y41: =W41+X41 -> 15.46
E42: 484T | F42: ='WLAN 5 GHz 802.11ax Ant1'!F42 -> 0 | G42: =$A$39 -> 0 | H42: 11.5 | I42: 11.93116 | J42: 15 | K42: -0.14 | L42: =J42+K42 -> 14.86 | R42: 484T | S42: ='WLAN 5 GHz 802.11ax Ant1'!S42 -> 0 | T42: =$N$39 -> 0 | U42: 11.5 | V42: 11.878571 | W42: 15 | X42: -0.54 | Y42: =W42+X42 -> 14.46
E43: 996T | F43: ='WLAN 5 GHz 802.11ax Ant1'!F43 -> 0 | G43: =$A$39 -> 0 | H43: 14.5 | I43: 15.785739 | J43: 15 | K43: -0.14 | L43: =J43+K43 -> 14.86 | R43: 996T | S43: ='WLAN 5 GHz 802.11ax Ant1'!S43 -> 0 | T43: =$N$39 -> 0 | U43: 14.5 | V43: 15.73053 | W43: 15 | X43: -0.54 | Y43: =W43+X43 -> 14.46
E44: SU | F44: ='WLAN 5 GHz 802.11ax Ant1'!F44 -> X | G44: =$A$39 -> 0 | H44: 15.5 | I44: 15.469983 | J44: 10 | K44: -0.14 | L44: =J44+K44 -> 9.86 | R44: SU | S44: ='WLAN 5 GHz 802.11ax Ant1'!S44 -> X | T44: =$N$39 -> 0 | U44: 15.5 | V44: 15.994643 | W44: 10 | X44: -0.54 | Y44: =W44+X44 -> 9.46
C45: 5290 | D45: 58 | E45: 26T | F45: ='WLAN 5 GHz 802.11ax Ant1'!F45 -> 0 | G45: =$A$39 -> 0 | H45: 14.5 | I45: 15.95719 | J45: 12 | K45: -0.14 | L45: =J45+K45 -> 11.86 | P45: 5610 | Q45: 122 | R45: 26T | S45: ='WLAN 5 GHz 802.11ax Ant1'!S45 -> 0 | T45: =$N$39 -> 0 | U45: 14.5 | V45: 15.964946 | W45: 12 | X45: -0.54 | Y45: =W45+X45 -> 11.46
E46: 52T | F46: ='WLAN 5 GHz 802.11ax Ant1'!F46 -> 0 | G46: =$A$39 -> 0 | H46: 14.5 | I46: 15.130911 | J46: 15 | K46: -0.14 | L46: =J46+K46 -> 14.86 | R46: 52T | S46: ='WLAN 5 GHz 802.11ax Ant1'!S46 -> 0 | T46: =$N$39 -> 0 | U46: 14.5 | V46: 15.126594 | W46: 15 | X46: -0.54 | Y46: =W46+X46 -> 14.46
E47: 106T | F47: ='WLAN 5 GHz 802.11ax Ant1'!F47 -> 0 | G47: =$A$39 -> 0 | H47: 9.5 | I47: 10.226999 | J47: 16 | K47: -0.14 | L47: =J47+K47 -> 15.86 | R47: 106T | S47: ='WLAN 5 GHz 802.11ax Ant1'!S47 -> 0 | T47: =$N$39 -> 0 | U47: 9.5 | V47: 10.673466 | W47: 16 | X47: -0.54 | Y47: =W47+X47 -> 15.46
E48: 242T | F48: ='WLAN 5 GHz 802.11ax Ant1'!F48 -> 0 | G48: =$A$39 -> 0 | H48: 11.5 | I48: 12.591402 | J48: 15 | K48: -0.14 | L48: =J48+K48 -> 14.86 | R48: 242T | S48: ='WLAN 5 GHz 802.11ax Ant1'!S48 -> 0 | T48: =$N$39 -> 0 | U48: 11.5 | V48: 12.680461 | W48: 15 | X48: -0.54 | Y48: =W48+X48 -> 14.46
E49: 484T | F49: ='WLAN 5 GHz 802.11ax Ant1'!F49 -> 0 | G49: =$A$39 -> 0 | H49: 14.5 | I49: 15.732088 | J49: 15 | K49: -0.14 | L49: =J49+K49 -> 14.86 | R49: 484T | S49: ='WLAN 5 GHz 802.11ax Ant1'!S49 -> 0 | T49: =$N$39 -> 0 | U49: 14.5 | V49: 16.005802 | W49: 15 | X49: -0.54 | Y49: =W49+X49 -> 14.46
E50: 996T | F50: ='WLAN 5 GHz 802.11ax Ant1'!F50 -> 0 | G50: =$A$39 -> 0 | H50: 15.5 | I50: 16.873929 | J50: 10 | K50: -0.14 | L50: =J50+K50 -> 9.86 | R50: 996T | S50: ='WLAN 5 GHz 802.11ax Ant1'!S50 -> 0 | T50: =$N$39 -> 0 | U50: 15.5 | V50: 16.552878 | W50: 10 | X50: -0.54 | Y50: =W50+X50 -> 9.46
E51: SU | F51: ='WLAN 5 GHz 802.11ax Ant1'!F51 -> X | G51: =$A$39 -> 0 | H51: 14.5 | I51: 15.905478 | J51: 12 | K51: -0.14 | L51: =J51+K51 -> 11.86 | R51: SU | S51: ='WLAN 5 GHz 802.11ax Ant1'!S51 -> X | T51: =$N$39 -> 0 | U51: 14.5 | V51: 15.955781 | W51: 12 | X51: -0.54 | Y51: =W51+X51 -> 11.46
A52: Worst Data Rate | B52: 802.11ax HE160 | C52: 5250 | D52: 50 | E52: 26T | F52: ='WLAN 5 GHz 802.11ax Ant1'!F52 -> 0 | G52: =$A$53 -> 0 | H52: 14.5 | I52: 16.094498 | J52: 15 | K52: -0.14 | L52: =J52+K52 -> 14.86 | N52: Worst Data Rate | O52: 802.11ax HE160 | P52: 5570 | Q52: 114 | R52: 26T | S52: ='WLAN 5 GHz 802.11ax Ant1'!S52 -> 0 | T52: =$N$53 -> 0 | U52: 14.5 | V52: 15.384199 | W52: 15 | X52: -0.54 | Y52: =W52+X52 -> 14.46
A53: ='WLAN 5 GHz 802.11ax Ant1'!A53 -> 0 | E53: 52T | F53: ='WLAN 5 GHz 802.11ax Ant1'!F53 -> 0 | G53: =$A$53 -> 0 | H53: 9.5 | I53: 9.6542148 | J53: 16 | K53: -0.14 | L53: =J53+K53 -> 15.86 | N53: ='WLAN 5 GHz 802.11ax Ant1'!N53 -> 0 | R53: 52T | S53: ='WLAN 5 GHz 802.11ax Ant1'!S53 -> 0 | T53: =$N$53 -> 0 | U53: 9.5 | V53: 10.213523 | W53: 16 | X53: -0.54 | Y53: =W53+X53 -> 15.46
E54: 106T | F54: ='WLAN 5 GHz 802.11ax Ant1'!F54 -> 0 | G54: =$A$53 -> 0 | H54: 11.5 | I54: 11.662866 | J54: 15 | K54: -0.14 | L54: =J54+K54 -> 14.86 | R54: 106T | S54: ='WLAN 5 GHz 802.11ax Ant1'!S54 -> 0 | T54: =$N$53 -> 0 | U54: 11.5 | V54: 11.762098 | W54: 15 | X54: -0.54 | Y54: =W54+X54 -> 14.46
E55: 242T | F55: ='WLAN 5 GHz 802.11ax Ant1'!F55 -> 0 | G55: =$A$53 -> 0 | H55: 14.5 | I55: 14.976024 | J55: 15 | K55: -0.14 | L55: =J55+K55 -> 14.86 | R55: 242T | S55: ='WLAN 5 GHz 802.11ax Ant1'!S55 -> 0 | T55: =$N$53 -> 0 | U55: 14.5 | V55: 15.144261 | W55: 15 | X55: -0.54 | Y55: =W55+X55 -> 14.46
E56: 484T | F56: ='WLAN 5 GHz 802.11ax Ant1'!F56 -> 0 | G56: =$A$53 -> 0 | H56: 15.5 | I56: 16.144655 | J56: 15 | K56: -0.14 | L56: =J56+K56 -> 14.86 | R56: 484T | S56: ='WLAN 5 GHz 802.11ax Ant1'!S56 -> 0 | T56: =$N$53 -> 0 | U56: 15.5 | V56: 15.482877 | W56: 15 | X56: -0.54 | Y56: =W56+X56 -> 14.46
E57: 996T | F57: ='WLAN 5 GHz 802.11ax Ant1'!F57 -> 0 | G57: =$A$53 -> 0 | H57: 14.5 | I57: 15.204023 | J57: 15 | K57: -0.14 | L57: =J57+K57 -> 14.86 | R57: 996T | S57: ='WLAN 5 GHz 802.11ax Ant1'!S57 -> 0 | T57: =$N$53 -> 0 | U57: 14.5 | V57: 15.43411 | W57: 15 | X57: -0.54 | Y57: =W57+X57 -> 14.46
E58: 2x996T | F58: ='WLAN 5 GHz 802.11ax Ant1'!F58 -> 0 | G58: =$A$53 -> 0 | H58: 14.5 | I58: 14.737412 | J58: 15 | K58: -0.14 | L58: =J58+K58 -> 14.86 | R58: 2x996T | S58: ='WLAN 5 GHz 802.11ax Ant1'!S58 -> 0 | T58: =$N$53 -> 0 | U58: 14.5 | V58: 15.399165 | W58: 15 | X58: -0.54 | Y58: =W58+X58 -> 14.46
E59: SU | F59: ='WLAN 5 GHz 802.11ax Ant1'!F59 -> X | G59: =$A$53 -> 0 | H59: 14.5 | I59: 15.649849 | J59: 15 | K59: -0.14 | L59: =J59+K59 -> 14.86 | R59: SU | S59: ='WLAN 5 GHz 802.11ax Ant1'!S59 -> X | T59: =$N$53 -> 0 | U59: 14.5 | V59: 15.602603 | W59: 15 | X59: -0.54 | Y59: =W59+X59 -> 14.46

Sheet WLAN 5 GHz 802.11ax Ant1+2
A1: 1 | B1: 2 | C1: 3 | D1: 4 | E1: 5 | F1: 6 | G1: 7 | H1: 8 | I1: 9 | J1: 10 | K1: 11 | L1: 12 | M1: 13 | N1: 14 | O1: 15 | P1: 16 | Q1: 17 | R1: 18 | S1: 19 | T1: 20 | U1: 21 | V1: 22 | W1: 23 | X1: 24 | Y1: 25 | Z1: 26 | AA1: 27 | AB1: 28 | AC1: 29 | AD1: 30 | AE1: 31 | AF1: 32 | AG1: 33 | AH1: 34 | AI1: 35 | AJ1: 36 | AK1: 37 | AL1: 38 | AM1: 39 | AN1: 40 | AO1: 41 | AP1: 42 | AQ1: 43 | AR1: 44 | AS1: 45 | AT1: 46 | AU1: 47 | AV1: 48 | AW1: 49 | AX1: 50 | AY1: 51 | AZ1: 52
B2: MIMO (Antenna 1 + Antenna 2)
B3: 5.2 GHz 802.11ax | S3: 5.5 GHz 802.11ax | AJ3: 5.8 GHz 802.11ax
B4: Mode | C4: Freq. (㎒) | D4: Channel | E4: Tone | F4: Worst RU | G4: Data Rate | H4: Ant.1 PLS | I4: Ant.2 PLS | J4: Ant.1 Average Power(㏈m) | K4: Ant.2 Average Power(㏈m) | L4: Tune-Up Power(㏈m) | M4: Ant.1+Ant.2 Average Power(㏈m) | N4: Tune-Up Power(㏈m) | O4: Peak Gain(dBi) | P4: E.I.R.P | S4: Mode | T4: Freq. (㎒) | U4: Channel | V4: Tone | W4: Worst RU | X4: Data Rate | Y4: Ant.1 PLS | Z4: Ant.2 PLS | AA4: Ant.1 Average Power(㏈m) | AB4: Ant.2 Average Power(㏈m) | AC4: Tune-Up Power(㏈m) | AD4: Ant.1+Ant.2 Average Power(㏈m) | AE4: Tune-Up Power(㏈m) | AF4: Peak Gain(dBi) | AG4: E.I.R.P | AJ4: Mode | AK4: Freq. (㎒) | AL4: Channel | AM4: Tone | AN4: Worst RU | AO4: Data Rate | AP4: Ant.1 PLS | AQ4: Ant.2 PLS | AR4: Ant.1 Average Power(㏈m) | AS4: Ant.2 Average Power(㏈m) | AT4: Tune-Up Power(㏈m) | AU4: Ant.1+Ant.2 Average Power(㏈m) | AV4: Tune-Up Power(㏈m) | AW4: Peak Gain(dBi) | AX4: E.I.R.P
A5: Worst Data Rate | B5: 802.11ax HE20 | C5: 5180 | D5: 36 | E5: 26T | F5: ='WLAN 5 GHz 802.11ax Ant1'!F5 -> 0 | G5: =$A$6 -> 0 | H5: 9.5 | I5: 9.5 | J5: 9.4873276 | K5: 9.2302907 | L5: 10 | M5: =10*LOG10((10^(J5/10))+(10^(K5/10))) -> 12.37101 | N5: =10*LOG10((10^(L5/10))*2) -> 13.0103 | O5: -0.21 | P5: =O5+N5 -> 12.8003 | R5: Worst Data Rate | S5: 802.11ax HE20 | T5: 5500 | U5: 100 | V5: 26T | W5: ='WLAN 5 GHz 802.11ax Ant1'!S5 -> 0 | X5: =$R$6 -> 0 | Y5: 9.5 | Z5: 9.5 | AA5: 9.3889956 | AB5: 9.3445768 | AC5: 10 | AD5: =10*LOG10((10^(AA5/10))+(10^(AB5/10))) -> 12.377143 | AE5: =10*LOG10((10^(AC5/10))*2) -> 13.0103 | AF5: -0.47 | AG5: =AF5+AE5 -> 12.5403 | AI5: Worst Data Rate | AJ5: 802.11ax HE20 | AK5: 5745 | AL5: 149 | AM5: 26T | AN5: ='WLAN 5 GHz 802.11ax Ant1'!AF5 -> 0 | AO5: =$AI$6 -> 0 | AP5: 9.5 | AQ5: 9.5 | AR5: 9.2610096 | AS5: 9.4560308 | AT5: 10 | AU5: =10*LOG10((10^(AR5/10))+(10^(AS5/10))) -> 12.369915 | AV5: =10*LOG10((10^(AT5/10))*2) -> 13.0103 | AW5: -0.31 | AX5: =AW5+AV5 -> 12.7003
E6: 52T | F6: ='WLAN 5 GHz 802.11ax Ant1'!F6 -> 0 | G6: =$A$6 -> 0 | H6: 11.5 | I6: 11.5 | J6: 11.171883 | K6: 11.26694 | L6: 12 | M6: =10*LOG10((10^(J6/10))+(10^(K6/10))) -> 14.229971 | N6: =10*LOG10((10^(L6/10))*2) -> 15.0103 | O6: -0.21 | P6: =O6+N6 -> 14.8003 | V6: 52T | W6: ='WLAN 5 GHz 802.11ax Ant1'!S6 -> 0 | X6: =$R$6 -> 0 | Y6: 11.5 | Z6: 11.5 | AA6: 11.990663 | AB6: 11.389991 | AC6: 12 | AD6: =10*LOG10((10^(AA6/10))+(10^(AB6/10))) -> 14.711003 | AE6: =10*LOG10((10^(AC6/10))*2) -> 15.0103 | AF6: -0.47 | AG6: =AF6+AE6 -> 14.5403 | AM6: 52T | AN6: ='WLAN 5 GHz 802.11ax Ant1'!AF6 -> 0 | AO6: =$AI$6 -> 0 | AP6: 11.5 | AQ6: 11.5 | AR6: 11.977464 | AS6: 11.054726 | AT6: 12 | AU6: =10*LOG10((10^(AR6/10))+(10^(AS6/10))) -> 14.550856 | AV6: =10*LOG10((10^(AT6/10))*2) -> 15.0103 | AW6: -0.31 | AX6: =AW6+AV6 -> 14.7003
E7: 106T | F7: ='WLAN 5 GHz 802.11ax Ant1'!F7 -> 0 | G7: =$A$6 -> 0 | H7: 14.5 | I7: 14.5 | J7: 14.310107 | K7: 14.281571 | L7: 15 | M7: =10*LOG10((10^(J7/10))+(10^(K7/10))) -> 17.306162 | N7: =10*LOG10((10^(L7/10))*2) -> 18.0103 | O7: -0.21 | P7: =O7+N7 -> 17.8003 | V7: 106T | W7: ='WLAN 5 GHz 802.11ax Ant1'!S7 -> 0 | X7: =$R$6 -> 0 | Y7: 14.5 | Z7: 14.5 | AA7: 14.98817 | AB7: 14.960281 | AC7: 15 | AD7: =10*LOG10((10^(AA7/10))+(10^(AB7/10))) -> 17.984547 | AE7: =10*LOG10((10^(AC7/10))*2) -> 18.0103 | AF7: -0.47 | AG7: =AF7+AE7 -> 17.5403 | AM7: 106T | AN7: ='WLAN 5 GHz 802.11ax Ant1'!AF7 -> 0 | AO7: =$AI$6 -> 0 | AP7: 14.5 | AQ7: 14.5 | AR7: 14.50683 | AS7: 14.826026 | AT7: 15 | AU7: =10*LOG10((10^(AR7/10))+(10^(AS7/10))) -> 17.67966 | AV7: =10*LOG10((10^(AT7/10))*2) -> 18.0103 | AW7: -0.31 | AX7: =AW7+AV7 -> 17.7003
E8: 242T | F8: ='WLAN 5 GHz 802.11ax Ant1'!F8 -> 0 | G8: =$A$6 -> 0 | H8: 15.5 | I8: 15.5 | J8: 15.670296 | K8: 15.765939 | L8: 16 | M8: =10*LOG10((10^(J8/10))+(10^(K8/10))) -> 18.728681 | N8: =10*LOG10((10^(L8/10))*2) -> 19.0103 | O8: -0.21 | P8: =O8+N8 -> 18.8003 | V8: 242T | W8: ='WLAN 5 GHz 802.11ax Ant1'!S8 -> 0 | X8: =$R$6 -> 0 | Y8: 15.5 | Z8: 15.5 | AA8: 16.031944 | AB8: 16.052921 | AC8: 16 | AD8: =10*LOG10((10^(AA8/10))+(10^(AB8/10))) -> 19.052745 | AE8: =10*LOG10((10^(AC8/10))*2) -> 19.0103 | AF8: -0.47 | AG8: =AF8+AE8 -> 18.5403 | AM8: 242T | AN8: ='WLAN 5 GHz 802.11ax Ant1'!AF8 -> 0 | AO8: =$AI$6 -> 0 | AP8: 15.5 | AQ8: 15.5 | AR8: 16.349885 | AS8: 16.198309 | AT8: 16 | AU8: =10*LOG10((10^(AR8/10))+(10^(AS8/10))) -> 19.285058 | AV8: =10*LOG10((10^(AT8/10))*2) -> 19.0103 | AW8: -0.31 | AX8: =AW8+AV8 -> 18.7003
E9: SU | F9: ='WLAN 5 GHz 802.11ax Ant1'!F9 -> X | G9: =$A$6 -> 0 | H9: 14.5 | I9: 14.5 | J9: 14.833752 | K9: 14.792434 | L9: 15 | M9: =10*LOG10((10^(J9/10))+(10^(K9/10))) -> 17.823443 | N9: =10*LOG10((10^(L9/10))*2) -> 18.0103 | O9: -0.21 | P9: =O9+N9 -> 17.8003 | V9: SU | W9: ='WLAN 5 GHz 802.11ax Ant1'!S9 -> X | X9: =$R$6 -> 0 | Y9: 14.5 | Z9: 14.5 | AA9: 15.248634 | AB9: 15.020257 | AC9: 15 | AD9: =10*LOG10((10^(AA9/10))+(10^(AB9/10))) -> 18.146246 | AE9: =10*LOG10((10^(AC9/10))*2) -> 18.0103 | AF9: -0.47 | AG9: =AF9+AE9 -> 17.5403 | AM9: SU | AN9: ='WLAN 5 GHz 802.11ax Ant1'!AF9 -> X | AO9: =$AI$6 -> 0 | AP9: 14.5 | AQ9: 14.5 | AR9: 15.308986 | AS9: 14.849124 | AT9: 15 | AU9: =10*LOG10((10^(AR9/10))+(10^(AS9/10))) -> 18.095439 | AV9: =10*LOG10((10^(AT9/10))*2) -> 18.0103 | AW9: -0.31 | AX9: =AW9+AV9 -> 17.7003
C10: 5260 | D10: 52 | E10: 26T | F10: ='WLAN 5 GHz 802.11ax Ant1'!F10 -> 0 | G10: =$A$6 -> 0 | H10: 14.5 | I10: 14.5 | J10: 14.953977 | K10: 15.669137 | L10: 15 | M10: =10*LOG10((10^(J10/10))+(10^(K10/10))) -> 18.336561 | N10: =10*LOG10((10^(L10/10))*2) -> 18.0103 | O10: -0.21 | P10: =O10+N10 -> 17.8003 | T10: 5600 | U10: 120 | V10: 26T | W10: ='WLAN 5 GHz 802.11ax Ant1'!S10 -> 0 | X10: =$R$6 -> 0 | Y10: 14.5 | Z10: 14.5 | AA10: 15.682417 | AB10: 15.352345 | AC10: 15 | AD10: =10*LOG10((10^(AA10/10))+(10^(AB10/10))) -> 18.530816 | AE10: =10*LOG10((10^(AC10/10))*2) -> 18.0103 | AF10: -0.47 | AG10: =AF10+AE10 -> 17.5403 | AK10: 5785 | AL10: 157 | AM10: 26T | AN10: ='WLAN 5 GHz 802.11ax Ant1'!AF10 -> 0 | AO10: =$AI$6 -> 0 | AP10: 14.5 | AQ10: 14.5 | AR10: 15.510559 | AS10: 15.384561 | AT10: 15 | AU10: =10*LOG10((10^(AR10/10))+(10^(AS10/10))) -> 18.458317 | AV10: =10*LOG10((10^(AT10/10))*2) -> 18.0103 | AW10: -0.31 | AX10: =AW10+AV10 -> 17.7003
E11: 52T | F11: ='WLAN 5 GHz 802.11ax Ant1'!F11 -> 0 | G11: =$A$6 -> 0 | H11: 9.5 | I11: 9.5 | J11: 10.010945 | K11: 9.509425 | L11: 10 | M11: =10*LOG10((10^(J11/10))+(10^(K11/10))) -> 12.77772 | N11: =10*LOG10((10^(L11/10))*2) -> 13.0103 | O11: -0.21 | P11: =O11+N11 -> 12.8003 | V11: 52T | W11: ='WLAN 5 GHz 802.11ax Ant1'!S11 -> 0 | X11: =$R$6 -> 0 | Y11: 9.5 | Z11: 9.5 | AA11: 10.096314 | AB11: 9.6994963 | AC11: 10 | AD11: =10*LOG10((10^(AA11/10))+(10^(AB11/10))) -> 12.912736 | AE11: =10*LOG10((10^(AC11/10))*2) -> 13.0103 | AF11: -0.47 | AG11: =AF11+AE11 -> 12.5403 | AM11: 52T | AN11: ='WLAN 5 GHz 802.11ax Ant1'!AF11 -> 0 | AO11: =$AI$6 -> 0 | AP11: 9.5 | AQ11: 9.5 | AR11: 9.799738 | AS11: 9.6663423 | AT11: 10 | AU11: =10*LOG10((10^(AR11/10))+(10^(AS11/10))) -> 12.743852 | AV11: =10*LOG10((10^(AT11/10))*2) -> 13.0103 | AW11: -0.31 | AX11: =AW11+AV11 -> 12.7003
E12: 106T | F12: ='WLAN 5 GHz 802.11ax Ant1'!F12 -> 0 | G12: =$A$6 -> 0 | H12: 11.5 | I12: 11.5 | J12: 12.180562 | K12: 11.369115 | L12: 12 | M12: =10*LOG10((10^(J12/10))+(10^(K12/10))) -> 14.804063 | N12: =10*LOG10((10^(L12/10))*2) -> 15.0103 | O12: -0.21 | P12: =O12+N12 -> 14.8003 | V12: 106T | W12: ='WLAN 5 GHz 802.11ax Ant1'!S12 -> 0 | X12: =$R$6 -> 0 | Y12: 11.5 | Z12: 11.5 | AA12: 11.962817 | AB12: 11.601305 | AC12: 12 | AD12: =10*LOG10((10^(AA12/10))+(10^(AB12/10))) -> 14.796121 | AE12: =10*LOG10((10^(AC12/10))*2) -> 15.0103 | AF12: -0.47 | AG12: =AF12+AE12 -> 14.5403 | AM12: 106T | AN12: ='WLAN 5 GHz 802.11ax Ant1'!AF12 -> 0 | AO12: =$AI$6 -> 0 | AP12: 11.5 | AQ12: 11.5 | AR12: 11.90065 | AS12: 11.955634 | AT12: 12 | AU12: =10*LOG10((10^(AR12/10))+(10^(AS12/10))) -> 14.938529 | AV12: =10*LOG10((10^(AT12/10))*2) -> 15.0103 | AW12: -0.31 | AX12: =AW12+AV12 -> 14.7003
E13: 242T | F13: ='WLAN 5 GHz 802.11ax Ant1'!F13 -> 0 | G13: =$A$6 -> 0 | H13: 14.5 | I13: 14.5 | J13: 14.619757 | K13: 14.329098 | L13: 15 | M13: =10*LOG10((10^(J13/10))+(10^(K13/10))) -> 17.487159 | N13: =10*LOG10((10^(L13/10))*2) -> 18.0103 | O13: -0.21 | P13: =O13+N13 -> 17.8003 | V13: 242T | W13: ='WLAN 5 GHz 802.11ax Ant1'!S13 -> 0 | X13: =$R$6 -> 0 | Y13: 14.5 | Z13: 14.5 | AA13: 14.592418 | AB13: 14.684478 | AC13: 15 | AD13: =10*LOG10((10^(AA13/10))+(10^(AB13/10))) -> 17.648992 | AE13: =10*LOG10((10^(AC13/10))*2) -> 18.0103 | AF13: -0.47 | AG13: =AF13+AE13 -> 17.5403 | AM13: 242T | AN13: ='WLAN 5 GHz 802.11ax Ant1'!AF13 -> 0 | AO13: =$AI$6 -> 0 | AP13: 14.5 | AQ13: 14.5 | AR13: 14.407886 | AS13: 14.944295 | AT13: 15 | AU13: =10*LOG10((10^(AR13/10))+(10^(AS13/10))) -> 17.694667 | AV13: =10*LOG10((10^(AT13/10))*2) -> 18.0103 | AW13: -0.31 | AX13: =AW13+AV13 -> 17.7003
E14: SU | F14: ='WLAN 5 GHz 802.11ax Ant1'!F14 -> X | G14: =$A$6 -> 0 | H14: 15.5 | I14: 15.5 | J14: 15.942967 | K14: 16.619276 | L14: 16 | M14: =10*LOG10((10^(J14/10))+(10^(K14/10))) -> 19.304573 | N14: =10*LOG10((10^(L14/10))*2) -> 19.0103 | O14: -0.21 | P14: =O14+N14 -> 18.8003 | V14: SU | W14: ='WLAN 5 GHz 802.11ax Ant1'!S14 -> X | X14: =$R$6 -> 0 | Y14: 15.5 | Z14: 15.5 | AA14: 16.414868 | AB14: 16.769615 | AC14: 16 | AD14: =10*LOG10((10^(AA14/10))+(10^(AB14/10))) -> 19.606162 | AE14: =10*LOG10((10^(AC14/10))*2) -> 19.0103 | AF14: -0.47 | AG14: =AF14+AE14 -> 18.5403 | AM14: SU | AN14: ='WLAN 5 GHz 802.11ax Ant1'!AF14 -> X | AO14: =$AI$6 -> 0 | AP14: 15.5 | AQ14: 15.5 | AR14: 15.857125 | AS14: 16.342939 | AT14: 16 | AU14: =10*LOG10((10^(AR14/10))+(10^(AS14/10))) -> 19.117121 | AV14: =10*LOG10((10^(AT14/10))*2) -> 19.0103 | AW14: -0.31 | AX14: =AW14+AV14 -> 18.7003
C15: 5320 | D15: 64 | E15: 26T | F15: ='WLAN 5 GHz 802.11ax Ant1'!F15 -> 0 | G15: =$A$6 -> 0 | H15: 14.5 | I15: 14.5 | J15: 15.88959 | K15: 15.533735 | L15: 15 | M15: =10*LOG10((10^(J15/10))+(10^(K15/10))) -> 18.725607 | N15: =10*LOG10((10^(L15/10))*2) -> 18.0103 | O15: -0.21 | P15: =O15+N15 -> 17.8003 | T15: 5700 | U15: 140 | V15: 26T | W15: ='WLAN 5 GHz 802.11ax Ant1'!S15 -> 0 | X15: =$R$6 -> 0 | Y15: 14.5 | Z15: 14.5 | AA15: 15.874723 | AB15: 15.638348 | AC15: 15 | AD15: =10*LOG10((10^(AA15/10))+(10^(AB15/10))) -> 18.768443 | AE15: =10*LOG10((10^(AC15/10))*2) -> 18.0103 | AF15: -0.47 | AG15: =AF15+AE15 -> 17.5403 | AK15: 5825 | AL15: 165 | AM15: 26T | AN15: ='WLAN 5 GHz 802.11ax Ant1'!AF15 -> 0 | AO15: =$AI$6 -> 0 | AP15: 14.5 | AQ15: 14.5 | AR15: 15.455915 | AS15: 15.957866 | AT15: 15 | AU15: =10*LOG10((10^(AR15/10))+(10^(AS15/10))) -> 18.724438 | AV15: =10*LOG10((10^(AT15/10))*2) -> 18.0103 | AW15: -0.31 | AX15: =AW15+AV15 -> 17.7003
E16: 52T | F16: ='WLAN 5 GHz 802.11ax Ant1'!F16 -> 0 | G16: =$A$6 -> 0 | H16: 14.5 | I16: 14.5 | J16: 15.277294 | K16: 15.28478 | L16: 15 | M16: =10*LOG10((10^(J16/10))+(10^(K16/10))) -> 18.291339 | N16: =10*LOG10((10^(L16/10))*2) -> 18.0103 | O16: -0.21 | P16: =O16+N16 -> 17.8003 | V16: 52T | W16: ='WLAN 5 GHz 802.11ax Ant1'!S16 -> 0 | X16: =$R$6 -> 0 | Y16: 14.5 | Z16: 14.5 | AA16: 15.737171 | AB16: 15.563575 | AC16: 15 | AD16: =10*LOG10((10^(AA16/10))+(10^(AB16/10))) -> 18.66154 | AE16: =10*LOG10((10^(AC16/10))*2) -> 18.0103 | AF16: -0.47 | AG16: =AF16+AE16 -> 17.5403 | AM16: 52T | AN16: ='WLAN 5 GHz 802.11ax Ant1'!AF16 -> 0 | AO16: =$AI$6 -> 0 | AP16: 14.5 | AQ16: 14.5 | AR16: 15.332069 | AS16: 15.952008 | AT16: 15 | AU16: =10*LOG10((10^(AR16/10))+(10^(AS16/10))) -> 18.663391 | AV16: =10*LOG10((10^(AT16/10))*2) -> 18.0103 | AW16: -0.31 | AX16: =AW16+AV16 -> 17.7003
E17: 106T | F17: ='WLAN 5 GHz 802.11ax Ant1'!F17 -> 0 | G17: =$A$6 -> 0 | H17: 9.5 | I17: 9.5 | J17: 10.184678 | K17: 10.612901 | L17: 10 | M17: =10*LOG10((10^(J17/10))+(10^(K17/10))) -> 13.414365 | N17: =10*LOG10((10^(L17/10))*2) -> 13.0103 | O17: -0.21 | P17: =O17+N17 -> 12.8003 | V17: 106T | W17: ='WLAN 5 GHz 802.11ax Ant1'!S17 -> 0 | X17: =$R$6 -> 0 | Y17: 9.5 | Z17: 9.5 | AA17: 10.35234 | AB17: 10.155966 | AC17: 10 | AD17: =10*LOG10((10^(AA17/10))+(10^(AB17/10))) -> 13.265563 | AE17: =10*LOG10((10^(AC17/10))*2) -> 13.0103 | AF17: -0.47 | AG17: =AF17+AE17 -> 12.5403 | AM17: 106T | AN17: ='WLAN 5 GHz 802.11ax Ant1'!AF17 -> 0 | AO17: =$AI$6 -> 0 | AP17: 9.5 | AQ17: 9.5 | AR17: 10.399708 | AS17: 10.485175 | AT17: 10 | AU17: =10*LOG10((10^(AR17/10))+(10^(AS17/10))) -> 13.452952 | AV17: =10*LOG10((10^(AT17/10))*2) -> 13.0103 | AW17: -0.31 | AX17: =AW17+AV17 -> 12.7003
E18: 242T | F18: ='WLAN 5 GHz 802.11ax Ant1'!F18 -> 0 | G18: =$A$6 -> 0 | H18: 11.5 | I18: 11.5 | J18: 12.319943 | K18: 11.752651 | L18: 12 | M18: =10*LOG10((10^(J18/10))+(10^(K18/10))) -> 15.055853 | N18: =10*LOG10((10^(L18/10))*2) -> 15.0103 | O18: -0.21 | P18: =O18+N18 -> 14.8003 | V18: 242T | W18: ='WLAN 5 GHz 802.11ax Ant1'!S18 -> 0 | X18: =$R$6 -> 0 | Y18: 11.5 | Z18: 11.5 | AA18: 12.028431 | AB18: 11.84742 | AC18: 12 | AD18: =10*LOG10((10^(AA18/10))+(10^(AB18/10))) -> 14.949169 | AE18: =10*LOG10((10^(AC18/10))*2) -> 15.0103 | AF18: -0.47 | AG18: =AF18+AE18 -> 14.5403 | AM18: 242T | AN18: ='WLAN 5 GHz 802.11ax Ant1'!AF18 -> 0 | AO18: =$AI$6 -> 0 | AP18: 11.5 | AQ18: 11.5 | AR18: 11.607328 | AS18: 12.279171 | AT18: 12 | AU18: =10*LOG10((10^(AR18/10))+(10^(AS18/10))) -> 14.966528 | AV18: =10*LOG10((10^(AT18/10))*2) -> 15.0103 | AW18: -0.31 | AX18: =AW18+AV18 -> 14.7003
E19: SU | F19: ='WLAN 5 GHz 802.11ax Ant1'!F19 -> X | G19: =$A$6 -> 0 | H19: 14.5 | I19: 14.5 | J19: 15.536491 | K19: 15.333146 | L19: 15 | M19: =10*LOG10((10^(J19/10))+(10^(K19/10))) -> 18.446309 | N19: =10*LOG10((10^(L19/10))*2) -> 18.0103 | O19: -0.21 | P19: =O19+N19 -> 17.8003 | V19: SU | W19: ='WLAN 5 GHz 802.11ax Ant1'!S19 -> X | X19: =$R$6 -> 0 | Y19: 14.5 | Z19: 14.5 | AA19: 15.368917 | AB19: 15.194273 | AC19: 15 | AD19: =10*LOG10((10^(AA19/10))+(10^(AB19/10))) -> 18.292773 | AE19: =10*LOG10((10^(AC19/10))*2) -> 18.0103 | AF19: -0.47 | AG19: =AF19+AE19 -> 17.5403 | AM19: SU | AN19: ='WLAN 5 GHz 802.11ax Ant1'!AF19 -> X | AO19: =$AI$6 -> 0 | AP19: 14.5 | AQ19: 14.5 | AR19: 15.330461 | AS19: 15.609366 | AT19: 15 | AU19: =10*LOG10((10^(AR19/10))+(10^(AS19/10))) -> 18.482452 | AV19: =10*LOG10((10^(AT19/10))*2) -> 18.0103 | AW19: -0.31 | AX19: =AW19+AV19 -> 17.7003
A20: Worst Data Rate | B20: 802.11ax HE40 | C20: 5190 | D20: 38 | E20: 26T | F20: ='WLAN 5 GHz 802.11ax Ant1'!F20 -> 0 | G20: =$A$21 -> 0 | H20: 15.5 | I20: 15.5 | J20: 16.719813 | K20: 16.965799 | L20: 10 | M20: =10*LOG10((10^(J20/10))+(10^(K20/10))) -> 19.854848 | N20: =10*LOG10((10^(L20/10))*2) -> 13.0103 | O20: -0.21 | P20: =O20+N20 -> 12.8003 | R20: Worst Data Rate | S20: 802.11ax HE40 | T20: 5510 | U20: 102 | V20: 26T | W20: ='WLAN 5 GHz 802.11ax Ant1'!S20 -> 0 | X20: =$R$21 -> 0 | Y20: 15.5 | Z20: 15.5 | AA20: 16.183359 | AB20: 16.412029 | AC20: 10 | AD20: =10*LOG10((10^(AA20/10))+(10^(AB20/10))) -> 19.309499 | AE20: =10*LOG10((10^(AC20/10))*2) -> 13.0103 | AF20: -0.47 | AG20: =AF20+AE20 -> 12.5403 | AI20: Worst Data Rate | AJ20: 802.11ax HE40 | AK20: 5755 | AL20: 151 | AM20: 26T | AN20: ='WLAN 5 GHz 802.11ax Ant1'!AF20 -> 0 | AO20: =$AI$21 -> 0 | AP20: 15.5 | AQ20: 15.5 | AR20: 16.999315 | AS20: 16.804579 | AT20: 10 | AU20: =10*LOG10((10^(AR20/10))+(10^(AS20/10))) -> 19.913339 | AV20: =10*LOG10((10^(AT20/10))*2) -> 13.0103 | AW20: -0.31 | AX20: =AW20+AV20 -> 12.7003
E21: 52T | F21: ='WLAN 5 GHz 802.11ax Ant1'!F21 -> 0 | G21: =$A$21 -> 0 | H21: 14.5 | I21: 14.5 | J21: 15.937394 | K21: 15.701763 | L21: 12 | M21: =10*LOG10((10^(J21/10))+(10^(K21/10))) -> 18.831476 | N21: =10*LOG10((10^(L21/10))*2) -> 15.0103 | O21: -0.21 | P21: =O21+N21 -> 14.8003 | V21: 52T | W21: ='WLAN 5 GHz 802.11ax Ant1'!S21 -> 0 | X21: =$R$21 -> 0 | Y21: 14.5 | Z21: 14.5 | AA21: 15.849088 | AB21: 16.027721 | AC21: 12 | AD21: =10*LOG10((10^(AA21/10))+(10^(AB21/10))) -> 18.949623 | AE21: =10*LOG10((10^(AC21/10))*2) -> 15.0103 | AF21: -0.47 | AG21: =AF21+AE21 -> 14.5403 | AM21: 52T | AN21: ='WLAN 5 GHz 802.11ax Ant1'!AF21 -> 0 | AO21: =$AI$21 -> 0 | AP21: 14.5 | AQ21: 14.5 | AR21: 16.295598 | AS21: 16.345264 | AT21: 12 | AU21: =10*LOG10((10^(AR21/10))+(10^(AS21/10))) -> 19.330802 | AV21: =10*LOG10((10^(AT21/10))*2) -> 15.0103 | AW21: -0.31 | AX21: =AW21+AV21 -> 14.7003
E22: 106T | F22: ='WLAN 5 GHz 802.11ax Ant1'!F22 -> 0 | G22: =$A$21 -> 0 | H22: 14.5 | I22: 14.5 | J22: 16.430359 | K22: 16.575114 | L22: 15 | M22: =10*LOG10((10^(J22/10))+(10^(K22/10))) -> 19.513639 | N22: =10*LOG10((10^(L22/10))*2) -> 18.0103 | O22: -0.21 | P22: =O22+N22 -> 17.8003 | V22: 106T | W22: ='WLAN 5 GHz 802.11ax Ant1'!S22 -> 0 | X22: =$R$21 -> 0 | Y22: 14.5 | Z22: 14.5 | AA22: 15.793763 | AB22: 16.299092 | AC22: 15 | AD22: =10*LOG10((10^(AA22/10))+(10^(AB22/10))) -> 19.064073 | AE22: =10*LOG10((10^(AC22/10))*2) -> 18.0103 | AF22: -0.47 | AG22: =AF22+AE22 -> 17.5403 | AM22: 106T | AN22: ='WLAN 5 GHz 802.11ax Ant1'!AF22 -> 0 | AO22: =$AI$21 -> 0 | AP22: 14.5 | AQ22: 14.5 | AR22: 16.402517 | AS22: 15.918299 | AT22: 15 | AU22: =10*LOG10((10^(AR22/10))+(10^(AS22/10))) -> 19.177453 | AV22: =10*LOG10((10^(AT22/10))*2) -> 18.0103 | AW22: -0.31 | AX22: =AW22+AV22 -> 17.7003
E23: 242T | F23: ='WLAN 5 GHz 802.11ax Ant1'!F23 -> 0 | G23: =$A$21 -> 0 | H23: 9.5 | I23: 9.5 | J23: 10.112682 | K23: 9.7588328 | L23: 16 | M23: =10*LOG10((10^(J23/10))+(10^(K23/10))) -> 12.94966 | N23: =10*LOG10((10^(L23/10))*2) -> 19.0103 | O23: -0.21 | P23: =O23+N23 -> 18.8003 | V23: 242T | W23: ='WLAN 5 GHz 802.11ax Ant1'!S23 -> 0 | X23: =$R$21 -> 0 | Y23: 9.5 | Z23: 9.5 | AA23: 10.017249 | AB23: 10.511463 | AC23: 16 | AD23: =10*LOG10((10^(AA23/10))+(10^(AB23/10))) -> 13.281682 | AE23: =10*LOG10((10^(AC23/10))*2) -> 19.0103 | AF23: -0.47 | AG23: =AF23+AE23 -> 18.5403 | AM23: 242T | AN23: ='WLAN 5 GHz 802.11ax Ant1'!AF23 -> 0 | AO23: =$AI$21 -> 0 | AP23: 9.5 | AQ23: 9.5 | AR23: 10.369114 | AS23: 10.510557 | AT23: 16 | AU23: =10*LOG10((10^(AR23/10))+(10^(AS23/10))) -> 13.450711 | AV23: =10*LOG10((10^(AT23/10))*2) -> 19.0103 | AW23: -0.31 | AX23: =AW23+AV23 -> 18.7003
E24: 484T | F24: ='WLAN 5 GHz 802.11ax Ant1'!F24 -> 0 | G24: =$A$21 -> 0 | H24: 11.5 | I24: 11.5 | J24: 11.703965 | K24: 11.190247 | L24: 15 | M24: =10*LOG10((10^(J24/10))+(10^(K24/10))) -> 14.464998 | N24: =10*LOG10((10^(L24/10))*2) -> 18.0103 | O24: -0.21 | P24: =O24+N24 -> 17.8003 | V24: 484T | W24: ='WLAN 5 GHz 802.11ax Ant1'!S24 -> 0 | X24: =$R$21 -> 0 | Y24: 11.5 | Z24: 11.5 | AA24: 11.3192 | AB24: 11.735297 | AC24: 15 | AD24: =10*LOG10((10^(AA24/10))+(10^(AB24/10))) -> 14.54253 | AE24: =10*LOG10((10^(AC24/10))*2) -> 18.0103 | AF24: -0.47 | AG24: =AF24+AE24 -> 17.5403 | AM24: 484T | AN24: ='WLAN 5 GHz 802.11ax Ant1'!AF24 -> 0 | AO24: =$AI$21 -> 0 | AP24: 11.5 | AQ24: 11.5 | AR24: 11.379236 | AS24: 11.89782 | AT24: 15 | AU24: =10*LOG10((10^(AR24/10))+(10^(AS24/10))) -> 14.656564 | AV24: =10*LOG10((10^(AT24/10))*2) -> 18.0103 | AW24: -0.31 | AX24: =AW24+AV24 -> 17.7003
E25: SU | F25: ='WLAN 5 GHz 802.11ax Ant1'!F25 -> X | G25: =$A$21 -> 0 | H25: 14.5 | I25: 14.5 | J25: 15.960556 | K25: 15.239657 | L25: 15 | M25: =10*LOG10((10^(J25/10))+(10^(K25/10))) -> 18.625347 | N25: =10*LOG10((10^(L25/10))*2) -> 18.0103 | O25: -0.21 | P25: =O25+N25 -> 17.8003 | V25: SU | W25: ='WLAN 5 GHz 802.11ax Ant1'!S25 -> X | X25: =$R$21 -> 0 | Y25: 14.5 | Z25: 14.5 | AA25: 15.649467 | AB25: 15.556607 | AC25: 15 | AD25: =10*LOG10((10^(AA25/10))+(10^(AB25/10))) -> 18.613585 | AE25: =10*LOG10((10^(AC25/10))*2) -> 18.0103 | AF25: -0.47 | AG25: =AF25+AE25 -> 17.5403 | AM25: SU | AN25: ='WLAN 5 GHz 802.11ax Ant1'!AF25 -> X | AO25: =$AI$21 -> 0 | AP25: 14.5 | AQ25: 14.5 | AR25: 15.524408 | AS25: 15.696788 | AT25: 15 | AU25: =10*LOG10((10^(AR25/10))+(10^(AS25/10))) -> 18.621753 | AV25: =10*LOG10((10^(AT25/10))*2) -> 18.0103 | AW25: -0.31 | AX25: =AW25+AV25 -> 17.7003
C26: 5270 | D26: 54 | E26: 26T | F26: ='WLAN 5 GHz 802.11ax Ant1'!F26 -> 0 | G26: =$A$21 -> 0 | H26: 15.5 | I26: 15.5 | J26: 16.156273 | K26: 15.898598 | L26: 10 | M26: =10*LOG10((10^(J26/10))+(10^(K26/10))) -> 19.039646 | N26: =10*LOG10((10^(L26/10))*2) -> 13.0103 | O26: -0.21 | P26: =O26+N26 -> 12.8003 | T26: 5590 | U26: 118 | V26: 26T | W26: ='WLAN 5 GHz 802.11ax Ant1'!S26 -> 0 | X26: =$R$21 -> 0 | Y26: 15.5 | Z26: 15.5 | AA26: 15.367067 | AB26: 16.096544 | AC26: 10 | AD26: =10*LOG10((10^(AA26/10))+(10^(AB26/10))) -> 18.757404 | AE26: =10*LOG10((10^(AC26/10))*2) -> 13.0103 | AF26: -0.47 | AG26: =AF26+AE26 -> 12.5403 | AK26: 5795 | AL26: 159 | AM26: 26T | AN26: ='WLAN 5 GHz 802.11ax Ant1'!AF26 -> 0 | AO26: =$AI$21 -> 0 | AP26: 15.5 | AQ26: 15.5 | AR26: 15.581163 | AS26: 16.191064 | AT26: 10 | AU26: =10*LOG10((10^(AR26/10))+(10^(AS26/10))) -> 18.907111 | AV26: =10*LOG10((10^(AT26/10))*2) -> 13.0103 | AW26: -0.31 | AX26: =AW26+AV26 -> 12.7003
E27: 52T | F27: ='WLAN 5 GHz 802.11ax Ant1'!F27 -> 0 | G27: =$A$21 -> 0 | H27: 14.5 | I27: 14.5 | J27: 14.92117 | K27: 14.250502 | L27: 12 | M27: =10*LOG10((10^(J27/10))+(10^(K27/10))) -> 17.609069 | N27: =10*LOG10((10^(L27/10))*2) -> 15.0103 | O27: -0.21 | P27: =O27+N27 -> 14.8003 | V27: 52T | W27: ='WLAN 5 GHz 802.11ax Ant1'!S27 -> 0 | X27: =$R$21 -> 0 | Y27: 14.5 | Z27: 14.5 | AA27: 14.080434 | AB27: 14.874405 | AC27: 12 | AD27: =10*LOG10((10^(AA27/10))+(10^(AB27/10))) -> 17.505839 | AE27: =10*LOG10((10^(AC27/10))*2) -> 15.0103 | AF27: -0.47 | AG27: =AF27+AE27 -> 14.5403 | AM27: 52T | AN27: ='WLAN 5 GHz 802.11ax Ant1'!AF27 -> 0 | AO27: =$AI$21 -> 0 | AP27: 14.5 | AQ27: 14.5 | AR27: 14.36791 | AS27: 14.182229 | AT27: 12 | AU27: =10*LOG10((10^(AR27/10))+(10^(AS27/10))) -> 17.286362 | AV27: =10*LOG10((10^(AT27/10))*2) -> 15.0103 | AW27: -0.31 | AX27: =AW27+AV27 -> 14.7003
E28: 106T | F28: ='WLAN 5 GHz 802.11ax Ant1'!F28 -> 0 | G28: =$A$21 -> 0 | H28: 14.5 | I28: 14.5 | J28: 15.304515 | K28: 14.777157 | L28: 15 | M28: =10*LOG10((10^(J28/10))+(10^(K28/10))) -> 18.059136 | N28: =10*LOG10((10^(L28/10))*2) -> 18.0103 | O28: -0.21 | P28: =O28+N28 -> 17.8003 | V28: 106T | W28: ='WLAN 5 GHz 802.11ax Ant1'!S28 -> 0 | X28: =$R$21 -> 0 | Y28: 14.5 | Z28: 14.5 | AA28: 14.836449 | AB28: 14.815015 | AC28: 15 | AD28: =10*LOG10((10^(AA28/10))+(10^(AB28/10))) -> 17.836045 | AE28: =10*LOG10((10^(AC28/10))*2) -> 18.0103 | AF28: -0.47 | AG28: =AF28+AE28 -> 17.5403 | AM28: 106T | AN28: ='WLAN 5 GHz 802.11ax Ant1'!AF28 -> 0 | AO28: =$AI$21 -> 0 | AP28: 14.5 | AQ28: 14.5 | AR28: 14.414108 | AS28: 14.586436 | AT28: 15 | AU28: =10*LOG10((10^(AR28/10))+(10^(AS28/10))) -> 17.511427 | AV28: =10*LOG10((10^(AT28/10))*2) -> 18.0103 | AW28: -0.31 | AX28: =AW28+AV28 -> 17.7003
E29: 242T | F29: ='WLAN 5 GHz 802.11ax Ant1'!F29 -> 0 | G29: =$A$21 -> 0 | H29: 9.5 | I29: 9.5 | J29: 9.5879603 | K29: 9.9980701 | L29: 16 | M29: =10*LOG10((10^(J29/10))+(10^(K29/10))) -> 12.808154 | N29: =10*LOG10((10^(L29/10))*2) -> 19.0103 | O29: -0.21 | P29: =O29+N29 -> 18.8003 | V29: 242T | W29: ='WLAN 5 GHz 802.11ax Ant1'!S29 -> 0 | X29: =$R$21 -> 0 | Y29: 9.5 | Z29: 9.5 | AA29: 9.9758252 | AB29: 9.5695866 | AC29: 16 | AD29: =10*LOG10((10^(AA29/10))+(10^(AB29/10))) -> 12.787754 | AE29: =10*LOG10((10^(AC29/10))*2) -> 19.0103 | AF29: -0.47 | AG29: =AF29+AE29 -> 18.5403 | AM29: 242T | AN29: ='WLAN 5 GHz 802.11ax Ant1'!AF29 -> 0 | AO29: =$AI$21 -> 0 | AP29: 9.5 | AQ29: 9.5 | AR29: 9.7023081 | AS29: 9.3350348 | AT29: 16 | AU29: =10*LOG10((10^(AR29/10))+(10^(AS29/10))) -> 12.532853 | AV29: =10*LOG10((10^(AT29/10))*2) -> 19.0103 | AW29: -0.31 | AX29: =AW29+AV29 -> 18.7003
E30: 484T | F30: ='WLAN 5 GHz 802.11ax Ant1'!F30 -> 0 | G30: =$A$21 -> 0 | H30: 11.5 | I30: 11.5 | J30: 11.575053 | K30: 11.777816 | L30: 15 | M30: =10*LOG10((10^(J30/10))+(10^(K30/10))) -> 14.687918 | N30: =10*LOG10((10^(L30/10))*2) -> 18.0103 | O30: -0.21 | P30: =O30+N30 -> 17.8003 | V30: 484T | W30: ='WLAN 5 GHz 802.11ax Ant1'!S30 -> 0 | X30: =$R$21 -> 0 | Y30: 11.5 | Z30: 11.5 | AA30: 11.614883 | AB30: 11.736104 | AC30: 15 | AD30: =10*LOG10((10^(AA30/10))+(10^(AB30/10))) -> 14.686216 | AE30: =10*LOG10((10^(AC30/10))*2) -> 18.0103 | AF30: -0.47 | AG30: =AF30+AE30 -> 17.5403 | AM30: 484T | AN30: ='WLAN 5 GHz 802.11ax Ant1'!AF30 -> 0 | AO30: =$AI$21 -> 0 | AP30: 11.5 | AQ30: 11.5 | AR30: 11.736064 | AS30: 11.869179 | AT30: 15 | AU30: =10*LOG10((10^(AR30/10))+(10^(AS30/10))) -> 14.813431 | AV30: =10*LOG10((10^(AT30/10))*2) -> 18.0103 | AW30: -0.31 | AX30: =AW30+AV30 -> 17.7003
E31: SU | F31: ='WLAN 5 GHz 802.11ax Ant1'!F31 -> X | G31: =$A$21 -> 0 | H31: 14.5 | I31: 14.5 | J31: 15.130597 | K31: 15.372765 | L31: 15 | M31: =10*LOG10((10^(J31/10))+(10^(K31/10))) -> 18.263669 | N31: =10*LOG10((10^(L31/10))*2) -> 18.0103 | O31: -0.21 | P31: =O31+N31 -> 17.8003 | V31: SU | W31: ='WLAN 5 GHz 802.11ax Ant1'!S31 -> X | X31: =$R$21 -> 0 | Y31: 14.5 | Z31: 14.5 | AA31: 16.002419 | AB31: 15.313671 | AC31: 15 | AD31: =10*LOG10((10^(AA31/10))+(10^(AB31/10))) -> 18.681984 | AE31: =10*LOG10((10^(AC31/10))*2) -> 18.0103 | AF31: -0.47 | AG31: =AF31+AE31 -> 17.5403 | AM31: SU | AN31: ='WLAN 5 GHz 802.11ax Ant1'!AF31 -> X | AO31: =$AI$21 -> 0 | AP31: 14.5 | AQ31: 14.5 | AR31: 15.902365 | AS31: 15.647167 | AT31: 15 | AU31: =10*LOG10((10^(AR31/10))+(10^(AS31/10))) -> 18.78694 | AV31: =10*LOG10((10^(AT31/10))*2) -> 18.0103 | AW31: -0.31 | AX31: =AW31+AV31 -> 17.7003
C32: 5310 | D32: 62 | E32: 26T | F32: ='WLAN 5 GHz 802.11ax Ant1'!F32 -> 0 | G32: =$A$21 -> 0 | H32: 15.5 | I32: 15.5 | J32: 15.89333 | K32: 15.994563 | L32: 10 | M32: =10*LOG10((10^(J32/10))+(10^(K32/10))) -> 18.954541 | N32: =10*LOG10((10^(L32/10))*2) -> 13.0103 | O32: -0.21 | P32: =O32+N32 -> 12.8003 | T32: 5670 | U32: 134 | V32: 26T | W32: ='WLAN 5 GHz 802.11ax Ant1'!S32 -> 0 | X32: =$R$21 -> 0 | Y32: 15.5 | Z32: 15.5 | AA32: 16.105741 | AB32: 16.235164 | AC32: 10 | AD32: =10*LOG10((10^(AA32/10))+(10^(AB32/10))) -> 19.181235 | AE32: =10*LOG10((10^(AC32/10))*2) -> 13.0103 | AF32: -0.47 | AG32: =AF32+AE32 -> 12.5403 | AI32: Worst Data Rate | AJ32: 802.11ax HE80 | AK32: 5775 | AL32: 155 | AM32: 26T | AN32: ='WLAN 5 GHz 802.11ax Ant1'!AF32 -> 0 | AO32: =$AI$33 -> 0 | AP32: 15.5 | AQ32: 15.5 | AR32: 16.69001 | AS32: 16.050829 | AT32: 10 | AU32: =10*LOG10((10^(AR32/10))+(10^(AS32/10))) -> 19.392468 | AV32: =10*LOG10((10^(AT32/10))*2) -> 13.0103 | AW32: -0.31 | AX32: =AW32+AV32 -> 12.7003
E33: 52T | F33: ='WLAN 5 GHz 802.11ax Ant1'!F33 -> 0 | G33: =$A$21 -> 0 | H33: 14.5 | I33: 14.5 | J33: 14.842448 | K33: 14.102417 | L33: 12 | M33: =10*LOG10((10^(J33/10))+(10^(K33/10))) -> 17.498476 | N33: =10*LOG10((10^(L33/10))*2) -> 15.0103 | O33: -0.21 | P33: =O33+N33 -> 14.8003 | V33: 52T | W33: ='WLAN 5 GHz 802.11ax Ant1'!S33 -> 0 | X33: =$R$21 -> 0 | Y33: 14.5 | Z33: 14.5 | AA33: 14.424486 | AB33: 14.108917 | AC33: 12 | AD33: =10*LOG10((10^(AA33/10))+(10^(AB33/10))) -> 17.279867 | AE33: =10*LOG10((10^(AC33/10))*2) -> 15.0103 | AF33: -0.47 | AG33: =AF33+AE33 -> 14.5403 | AM33: 52T | AN33: ='WLAN 5 GHz 802.11ax Ant1'!AF33 -> 0 | AO33: =$AI$33 -> 0 | AP33: 14.5 | AQ33: 14.5 | AR33: 14.534058 | AS33: 14.783183 | AT33: 12 | AU33: =10*LOG10((10^(AR33/10))+(10^(AS33/10))) -> 17.670707 | AV33: =10*LOG10((10^(AT33/10))*2) -> 15.0103 | AW33: -0.31 | AX33: =AW33+AV33 -> 14.7003
E34: 106T | F34: ='WLAN 5 GHz 802.11ax Ant1'!F34 -> 0 | G34: =$A$21 -> 0 | H34: 14.5 | I34: 14.5 | J34: 14.83401 | K34: 14.286082 | L34: 15 | M34: =10*LOG10((10^(J34/10))+(10^(K34/10))) -> 17.578982 | N34: =10*LOG10((10^(L34/10))*2) -> 18.0103 | O34: -0.21 | P34: =O34+N34 -> 17.8003 | V34: 106T | W34: ='WLAN 5 GHz 802.11ax Ant1'!S34 -> 0 | X34: =$R$21 -> 0 | Y34: 14.5 | Z34: 14.5 | AA34: 14.266544 | AB34: 14.426041 | AC34: 15 | AD34: =10*LOG10((10^(AA34/10))+(10^(AB34/10))) -> 17.357324 | AE34: =10*LOG10((10^(AC34/10))*2) -> 18.0103 | AF34: -0.47 | AG34: =AF34+AE34 -> 17.5403 | AM34: 106T | AN34: ='WLAN 5 GHz 802.11ax Ant1'!AF34 -> 0 | AO34: =$AI$33 -> 0 | AP34: 14.5 | AQ34: 14.5 | AR34: 14.160351 | AS34: 14.843771 | AT34: 15 | AU34: =10*LOG10((10^(AR34/10))+(10^(AS34/10))) -> 17.52579 | AV34: =10*LOG10((10^(AT34/10))*2) -> 18.0103 | AW34: -0.31 | AX34: =AW34+AV34 -> 17.7003
E35: 242T | F35: ='WLAN 5 GHz 802.11ax Ant1'!F35 -> 0 | G35: =$A$21 -> 0 | H35: 9.5 | I35: 9.5 | J35: 10.079031 | K35: 9.5404336 | L35: 16 | M35: =10*LOG10((10^(J35/10))+(10^(K35/10))) -> 12.828376 | N35: =10*LOG10((10^(L35/10))*2) -> 19.0103 | O35: -0.21 | P35: =O35+N35 -> 18.8003 | V35: 242T | W35: ='WLAN 5 GHz 802.11ax Ant1'!S35 -> 0 | X35: =$R$21 -> 0 | Y35: 9.5 | Z35: 9.5 | AA35: 9.7563079 | AB35: 9.2764682 | AC35: 16 | AD35: =10*LOG10((10^(AA35/10))+(10^(AB35/10))) -> 12.533312 | AE35: =10*LOG10((10^(AC35/10))*2) -> 19.0103 | AF35: -0.47 | AG35: =AF35+AE35 -> 18.5403 | AM35: 242T | AN35: ='WLAN 5 GHz 802.11ax Ant1'!AF35 -> 0 | AO35: =$AI$33 -> 0 | AP35: 9.5 | AQ35: 9.5 | AR35: 9.1203231 | AS35: 9.5110559 | AT35: 16 | AU35: =10*LOG10((10^(AR35/10))+(10^(AS35/10))) -> 12.330382 | AV35: =10*LOG10((10^(AT35/10))*2) -> 19.0103 | AW35: -0.31 | AX35: =AW35+AV35 -> 18.7003
E36: 484T | F36: ='WLAN 5 GHz 802.11ax Ant1'!F36 -> 0 | G36: =$A$21 -> 0 | H36: 11.5 | I36: 11.5 | J36: 11.83567 | K36: 11.534353 | L36: 15 | M36: =10*LOG10((10^(J36/10))+(10^(K36/10))) -> 14.697924 | N36: =10*LOG10((10^(L36/10))*2) -> 18.0103 | O36: -0.21 | P36: =O36+N36 -> 17.8003 | V36: 484T | W36: ='WLAN 5 GHz 802.11ax Ant1'!S36 -> 0 | X36: =$R$21 -> 0 | Y36: 11.5 | Z36: 11.5 | AA36: 11.479571 | AB36: 11.562345 | AC36: 15 | AD36: =10*LOG10((10^(AA36/10))+(10^(AB36/10))) -> 14.531455 | AE36: =10*LOG10((10^(AC36/10))*2) -> 18.0103 | AF36: -0.47 | AG36: =AF36+AE36 -> 17.5403 | AM36: 484T | AN36: ='WLAN 5 GHz 802.11ax Ant1'!AF36 -> 0 | AO36: =$AI$33 -> 0 | AP36: 11.5 | AQ36: 11.5 | AR36: 11.02319 | AS36: 11.253899 | AT36: 15 | AU36: =10*LOG10((10^(AR36/10))+(10^(AS36/10))) -> 14.150377 | AV36: =10*LOG10((10^(AT36/10))*2) -> 18.0103 | AW36: -0.31 | AX36: =AW36+AV36 -> 17.7003
E37: SU | F37: ='WLAN 5 GHz 802.11ax Ant1'!F37 -> X | G37: =$A$21 -> 0 | H37: 14.5 | I37: 14.5 | J37: 15.839912 | K37: 15.83994 | L37: 15 | M37: =10*LOG10((10^(J37/10))+(10^(K37/10))) -> 18.850226 | N37: =10*LOG10((10^(L37/10))*2) -> 18.0103 | O37: -0.21 | P37: =O37+N37 -> 17.8003 | V37: SU | W37: ='WLAN 5 GHz 802.11ax Ant1'!S37 -> X | X37: =$R$21 -> 0 | Y37: 14.5 | Z37: 14.5 | AA37: 16.085635 | AB37: 15.391375 | AC37: 15 | AD37: =10*LOG10((10^(AA37/10))+(10^(AB37/10))) -> 18.762663 | AE37: =10*LOG10((10^(AC37/10))*2) -> 18.0103 | AF37: -0.47 | AG37: =AF37+AE37 -> 17.5403 | AM37: 996T | AN37: ='WLAN 5 GHz 802.11ax Ant1'!AF37 -> 0 | AO37: =$AI$33 -> 0 | AP37: 14.5 | AQ37: 14.5 | AR37: 16.21131 | AS37: 16.083821 | AT37: 15 | AU37: =10*LOG10((10^(AR37/10))+(10^(AS37/10))) -> 19.158333 | AV37: =10*LOG10((10^(AT37/10))*2) -> 18.0103 | AW37: -0.31 | AX37: =AW37+AV37 -> 17.7003
A38: Worst Data Rate | B38: 802.11ax HE80 | C38: 5210 | D38: 42 | E38: 26T | F38: ='WLAN 5 GHz 802.11ax Ant1'!F38 -> 0 | G38: =$A$39 -> 0 | H38: 15.5 | I38: 15.5 | J38: 16.087288 | K38: 16.386639 | L38: 10 | M38: =10*LOG10((10^(J38/10))+(10^(K38/10))) -> 19.249842 | N38: =10*LOG10((10^(L38/10))*2) -> 13.0103 | O38: -0.21 | P38: =O38+N38 -> 12.8003 | R38: Worst Data Rate | S38: 802.11ax HE80 | T38: 5530 | U38: 106 | V38: 26T | W38: ='WLAN 5 GHz 802.11ax Ant1'!S38 -> 0 | X38: =$R$39 -> 0 | Y38: 15.5 | Z38: 15.5 | AA38: 16.175384 | AB38: 16.511199 | AC38: 10 | AD38: =10*LOG10((10^(AA38/10))+(10^(AB38/10))) -> 19.356836 | AE38: =10*LOG10((10^(AC38/10))*2) -> 13.0103 | AF38: -0.47 | AG38: =AF38+AE38 -> 12.5403 | AM38: SU | AN38: ='WLAN 5 GHz 802.11ax Ant1'!AF38 -> X | AO38: =$AI$33 -> 0 | AP38: 15.5 | AQ38: 15.5 | AR38: 15.804132 | AS38: 15.8505 | AT38: 10 | AU38: =10*LOG10((10^(AR38/10))+(10^(AS38/10))) -> 18.837678 | AV38: =10*LOG10((10^(AT38/10))*2) -> 13.0103 | AW38: -0.31 | AX38: =AW38+AV38 -> 12.7003
E39: 52T | F39: ='WLAN 5 GHz 802.11ax Ant1'!F39 -> 0 | G39: =$A$39 -> 0 | H39: 14.5 | I39: 14.5 | J39: 14.339517 | K39: 14.651929 | L39: 12 | M39: =10*LOG10((10^(J39/10))+(10^(K39/10))) -> 17.508832 | N39: =10*LOG10((10^(L39/10))*2) -> 15.0103 | O39: -0.21 | P39: =O39+N39 -> 14.8003 | V39: 52T | W39: ='WLAN 5 GHz 802.11ax Ant1'!S39 -> 0 | X39: =$R$39 -> 0 | Y39: 14.5 | Z39: 14.5 | AA39: 14.869773 | AB39: 14.455125 | AC39: 12 | AD39: =10*LOG10((10^(AA39/10))+(10^(AB39/10))) -> 17.677696 | AE39: =10*LOG10((10^(AC39/10))*2) -> 15.0103 | AF39: -0.47 | AG39: =AF39+AE39 -> 14.5403
E40: 106T | F40: ='WLAN 5 GHz 802.11ax Ant1'!F40 -> 0 | G40: =$A$39 -> 0 | H40: 14.5 | I40: 14.5 | J40: 14.670862 | K40: 14.284908 | L40: 15 | M40: =10*LOG10((10^(J40/10))+(10^(K40/10))) -> 17.492471 | N40: =10*LOG10((10^(L40/10))*2) -> 18.0103 | O40: -0.21 | P40: =O40+N40 -> 17.8003 | V40: 106T | W40: ='WLAN 5 GHz 802.11ax Ant1'!S40 -> 0 | X40: =$R$39 -> 0 | Y40: 14.5 | Z40: 14.5 | AA40: 15.086273 | AB40: 14.905909 | AC40: 15 | AD40: =10*LOG10((10^(AA40/10))+(10^(AB40/10))) -> 18.007327 | AE40: =10*LOG10((10^(AC40/10))*2) -> 18.0103 | AF40: -0.47 | AG40: =AF40+AE40 -> 17.5403
E41: 242T | F41: ='WLAN 5 GHz 802.11ax Ant1'!F41 -> 0 | G41: =$A$39 -> 0 | H41: 9.5 | I41: 9.5 | J41: 9.7191646 | K41: 9.3160972 | L41: 16 | M41: =10*LOG10((10^(J41/10))+(10^(K41/10))) -> 12.532605 | N41: =10*LOG10((10^(L41/10))*2) -> 19.0103 | O41: -0.21 | P41: =O41+N41 -> 18.8003 | V41: 242T | W41: ='WLAN 5 GHz 802.11ax Ant1'!S41 -> 0 | X41: =$R$39 -> 0 | Y41: 9.5 | Z41: 9.5 | AA41: 9.3452878 | AB41: 9.4392655 | AC41: 16 | AD41: =10*LOG10((10^(AA41/10))+(10^(AB41/10))) -> 12.402831 | AE41: =10*LOG10((10^(AC41/10))*2) -> 19.0103 | AF41: -0.47 | AG41: =AF41+AE41 -> 18.5403
E42: 484T | F42: ='WLAN 5 GHz 802.11ax Ant1'!F42 -> 0 | G42: =$A$39 -> 0 | H42: 11.5 | I42: 11.5 | J42: 11.295692 | K42: 11.90159 | L42: 15 | M42: =10*LOG10((10^(J42/10))+(10^(K42/10))) -> 14.619499 | N42: =10*LOG10((10^(L42/10))*2) -> 18.0103 | O42: -0.21 | P42: =O42+N42 -> 17.8003 | V42: 484T | W42: ='WLAN 5 GHz 802.11ax Ant1'!S42 -> 0 | X42: =$R$39 -> 0 | Y42: 11.5 | Z42: 11.5 | AA42: 11.869643 | AB42: 11.231837 | AC42: 15 | AD42: =10*LOG10((10^(AA42/10))+(10^(AB42/10))) -> 14.572738 | AE42: =10*LOG10((10^(AC42/10))*2) -> 18.0103 | AF42: -0.47 | AG42: =AF42+AE42 -> 17.5403
E43: 996T | F43: ='WLAN 5 GHz 802.11ax Ant1'!F43 -> 0 | G43: =$A$39 -> 0 | H43: 14.5 | I43: 14.5 | J43: 14.999278 | K43: 15.784521 | L43: 15 | M43: =10*LOG10((10^(J43/10))+(10^(K43/10))) -> 18.419922 | N43: =10*LOG10((10^(L43/10))*2) -> 18.0103 | O43: -0.21 | P43: =O43+N43 -> 17.8003 | V43: 996T | W43: ='WLAN 5 GHz 802.11ax Ant1'!S43 -> 0 | X43: =$R$39 -> 0 | Y43: 14.5 | Z43: 14.5 | AA43: 15.617439 | AB43: 15.020551 | AC43: 15 | AD43: =10*LOG10((10^(AA43/10))+(10^(AB43/10))) -> 18.339541 | AE43: =10*LOG10((10^(AC43/10))*2) -> 18.0103 | AF43: -0.47 | AG43: =AF43+AE43 -> 17.5403
E44: SU | F44: ='WLAN 5 GHz 802.11ax Ant1'!F44 -> X | G44: =$A$39 -> 0 | H44: 15.5 | I44: 15.5 | J44: 15.639975 | K44: 15.953917 | L44: 10 | M44: =10*LOG10((10^(J44/10))+(10^(K44/10))) -> 18.810082 | N44: =10*LOG10((10^(L44/10))*2) -> 13.0103 | O44: -0.21 | P44: =O44+N44 -> 12.8003 | V44: SU | W44: ='WLAN 5 GHz 802.11ax Ant1'!S44 -> X | X44: =$R$39 -> 0 | Y44: 15.5 | Z44: 15.5 | AA44: 15.858975 | AB44: 15.529773 | AC44: 10 | AD44: =10*LOG10((10^(AA44/10))+(10^(AB44/10))) -> 18.707793 | AE44: =10*LOG10((10^(AC44/10))*2) -> 13.0103 | AF44: -0.47 | AG44: =AF44+AE44 -> 12.5403
C45: 5290 | D45: 58 | E45: =E38 -> 26T | F45: ='WLAN 5 GHz 802.11ax Ant1'!F45 -> 0 | G45: =$A$39 -> 0 | H45: 14.5 | I45: 14.5 | J45: 16.015124 | K45: 15.655289 | L45: 12 | M45: =10*LOG10((10^(J45/10))+(10^(K45/10))) -> 18.849232 | N45: =10*LOG10((10^(L45/10))*2) -> 15.0103 | O45: -0.21 | P45: =O45+N45 -> 14.8003 | T45: 5610 | U45: 122 | V45: =V38 -> 26T | W45: ='WLAN 5 GHz 802.11ax Ant1'!S45 -> 0 | X45: =$R$39 -> 0 | Y45: 14.5 | Z45: 14.5 | AA45: 15.779045 | AB45: 15.1916 | AC45: 12 | AD45: =10*LOG10((10^(AA45/10))+(10^(AB45/10))) -> 18.505547 | AE45: =10*LOG10((10^(AC45/10))*2) -> 15.0103 | AF45: -0.47 | AG45: =AF45+AE45 -> 14.5403
E46: =E39 -> 52T | F46: ='WLAN 5 GHz 802.11ax Ant1'!F46 -> 0 | G46: =$A$39 -> 0 | H46: 14.5 | I46: 14.5 | J46: 15.19989 | K46: 15.638336 | L46: 15 | M46: =10*LOG10((10^(J46/10))+(10^(K46/10))) -> 18.434944 | N46: =10*LOG10((10^(L46/10))*2) -> 18.0103 | O46: -0.21 | P46: =O46+N46 -> 17.8003 | V46: =V39 -> 52T | W46: ='WLAN 5 GHz 802.11ax Ant1'!S46 -> 0 | X46: =$R$39 -> 0 | Y46: 14.5 | Z46: 14.5 | AA46: 15.038247 | AB46: 15.07391 | AC46: 15 | AD46: =10*LOG10((10^(AA46/10))+(10^(AB46/10))) -> 18.066415 | AE46: =10*LOG10((10^(AC46/10))*2) -> 18.0103 | AF46: -0.47 | AG46: =AF46+AE46 -> 17.5403
E47: =E40 -> 106T | F47: ='WLAN 5 GHz 802.11ax Ant1'!F47 -> 0 | G47: =$A$39 -> 0 | H47: 9.5 | I47: 9.5 | J47: 9.9677299 | K47: 9.8456836 | L47: 16 | M47: =10*LOG10((10^(J47/10))+(10^(K47/10))) -> 12.917435 | N47: =10*LOG10((10^(L47/10))*2) -> 19.0103 | O47: -0.21 | P47: =O47+N47 -> 18.8003 | V47: =V40 -> 106T | W47: ='WLAN 5 GHz 802.11ax Ant1'!S47 -> 0 | X47: =$R$39 -> 0 | Y47: 9.5 | Z47: 9.5 | AA47: 10.435056 | AB47: 10.452501 | AC47: 16 | AD47: =10*LOG10((10^(AA47/10))+(10^(AB47/10))) -> 13.454087 | AE47: =10*LOG10((10^(AC47/10))*2) -> 19.0103 | AF47: -0.47 | AG47: =AF47+AE47 -> 18.5403
E48: =E41 -> 242T | F48: ='WLAN 5 GHz 802.11ax Ant1'!F48 -> 0 | G48: =$A$39 -> 0 | H48: 11.5 | I48: 11.5 | J48: 12.723134 | K48: 12.282384 | L48: 15 | M48: =10*LOG10((10^(J48/10))+(10^(K48/10))) -> 15.518648 | N48: =10*LOG10((10^(L48/10))*2) -> 18.0103 | O48: -0.21 | P48: =O48+N48 -> 17.8003 | V48: =V41 -> 242T | W48: ='WLAN 5 GHz 802.11ax Ant1'!S48 -> 0 | X48: =$R$39 -> 0 | Y48: 11.5 | Z48: 11.5 | AA48: 12.481547 | AB48: 12.714505 | AC48: 15 | AD48: =10*LOG10((10^(AA48/10))+(10^(AB48/10))) -> 15.609888 | AE48: =10*LOG10((10^(AC48/10))*2) -> 18.0103 | AF48: -0.47 | AG48: =AF48+AE48 -> 17.5403
E49: =E42 -> 484T | F49: ='WLAN 5 GHz 802.11ax Ant1'!F49 -> 0 | G49: =$A$39 -> 0 | H49: 14.5 | I49: 14.5 | J49: 16.307711 | K49: 16.281401 | L49: 15 | M49: =10*LOG10((10^(J49/10))+(10^(K49/10))) -> 19.304876 | N49: =10*LOG10((10^(L49/10))*2) -> 18.0103 | O49: -0.21 | P49: =O49+N49 -> 17.8003 | V49: =V42 -> 484T | W49: ='WLAN 5 GHz 802.11ax Ant1'!S49 -> 0 | X49: =$R$39 -> 0 | Y49: 14.5 | Z49: 14.5 | AA49: 15.532734 | AB49: 15.44737 | AC49: 15 | AD49: =10*LOG10((10^(AA49/10))+(10^(AB49/10))) -> 18.500562 | AE49: =10*LOG10((10^(AC49/10))*2) -> 18.0103 | AF49: -0.47 | AG49: =AF49+AE49 -> 17.5403
E50: =E43 -> 996T | F50: ='WLAN 5 GHz 802.11ax Ant1'!F50 -> 0 | G50: =$A$39 -> 0 | H50: 15.5 | I50: 15.5 | J50: 16.944993 | K50: 17.154864 | L50: 10 | M50: =10*LOG10((10^(J50/10))+(10^(K50/10))) -> 20.061496 | N50: =10*LOG10((10^(L50/10))*2) -> 13.0103 | O50: -0.21 | P50: =O50+N50 -> 12.8003 | V50: =V43 -> 996T | W50: ='WLAN 5 GHz 802.11ax Ant1'!S50 -> 0 | X50: =$R$39 -> 0 | Y50: 15.5 | Z50: 15.5 | AA50: 16.229528 | AB50: 16.285642 | AC50: 10 | AD50: =10*LOG10((10^(AA50/10))+(10^(AB50/10))) -> 19.267976 | AE50: =10*LOG10((10^(AC50/10))*2) -> 13.0103 | AF50: -0.47 | AG50: =AF50+AE50 -> 12.5403
E51: =E44 -> SU | F51: ='WLAN 5 GHz 802.11ax Ant1'!F51 -> X | G51: =$A$39 -> 0 | H51: 14.5 | I51: 14.5 | J51: 15.430618 | K51: 15.912059 | L51: 12 | M51: =10*LOG10((10^(J51/10))+(10^(K51/10))) -> 18.688306 | N51: =10*LOG10((10^(L51/10))*2) -> 15.0103 | O51: -0.21 | P51: =O51+N51 -> 14.8003 | V51: =V44 -> SU | W51: ='WLAN 5 GHz 802.11ax Ant1'!S51 -> X | X51: =$R$39 -> 0 | Y51: 14.5 | Z51: 14.5 | AA51: 15.433812 | AB51: 15.375521 | AC51: 12 | AD51: =10*LOG10((10^(AA51/10))+(10^(AB51/10))) -> 18.415064 | AE51: =10*LOG10((10^(AC51/10))*2) -> 15.0103 | AF51: -0.47 | AG51: =AF51+AE51 -> 14.5403
A52: Worst Data Rate | B52: 802.11ax HE160 | C52: 5250 | D52: 50 | E52: 26T | F52: ='WLAN 5 GHz 802.11ax Ant1'!F52 -> 0 | G52: =$A$53 -> 0 | H52: 14.5 | I52: 14.5 | J52: 15.834188 | K52: 15.444231 | L52: 15 | M52: =10*LOG10((10^(J52/10))+(10^(K52/10))) -> 18.653885 | N52: =10*LOG10((10^(L52/10))*2) -> 18.0103 | O52: -0.21 | P52: =O52+N52 -> 17.8003 | R52: Worst Data Rate | S52: 802.11ax HE160 | T52: 5570 | U52: 114 | V52: 26T | W52: ='WLAN 5 GHz 802.11ax Ant1'!S52 -> 0 | X52: =$R$53 -> 0 | Y52: 14.5 | Z52: 14.5 | AA52: 15.608546 | AB52: 15.515662 | AC52: 15 | AD52: =10*LOG10((10^(AA52/10))+(10^(AB52/10))) -> 18.572652 | AE52: =10*LOG10((10^(AC52/10))*2) -> 18.0103 | AF52: -0.47 | AG52: =AF52+AE52 -> 17.5403
E53: 52T | F53: ='WLAN 5 GHz 802.11ax Ant1'!F53 -> 0 | G53: =$A$53 -> 0 | H53: 9.5 | I53: 9.5 | J53: 9.665776 | K53: 9.8685792 | L53: 16 | M53: =10*LOG10((10^(J53/10))+(10^(K53/10))) -> 12.778661 | N53: =10*LOG10((10^(L53/10))*2) -> 19.0103 | O53: -0.21 | P53: =O53+N53 -> 18.8003 | V53: 52T | W53: ='WLAN 5 GHz 802.11ax Ant1'!S53 -> 0 | X53: =$R$53 -> 0 | Y53: 9.5 | Z53: 9.5 | AA53: 9.7426469 | AB53: 9.6863313 | AC53: 16 | AD53: =10*LOG10((10^(AA53/10))+(10^(AB53/10))) -> 12.72488 | AE53: =10*LOG10((10^(AC53/10))*2) -> 19.0103 | AF53: -0.47 | AG53: =AF53+AE53 -> 18.5403
E54: 106T | F54: ='WLAN 5 GHz 802.11ax Ant1'!F54 -> 0 | G54: =$A$53 -> 0 | H54: 11.5 | I54: 11.5 | J54: 11.330672 | K54: 11.350465 | L54: 15 | M54: =10*LOG10((10^(J54/10))+(10^(K54/10))) -> 14.35088 | N54: =10*LOG10((10^(L54/10))*2) -> 18.0103 | O54: -0.21 | P54: =O54+N54 -> 17.8003 | V54: 106T | W54: ='WLAN 5 GHz 802.11ax Ant1'!S54 -> 0 | X54: =$R$53 -> 0 | Y54: 11.5 | Z54: 11.5 | AA54: 12.216786 | AB54: 11.774581 | AC54: 15 | AD54: =10*LOG10((10^(AA54/10))+(10^(AB54/10))) -> 15.011609 | AE54: =10*LOG10((10^(AC54/10))*2) -> 18.0103 | AF54: -0.47 | AG54: =AF54+AE54 -> 17.5403
E55: 242T | F55: ='WLAN 5 GHz 802.11ax Ant1'!F55 -> 0 | G55: =$A$53 -> 0 | H55: 14.5 | I55: 14.5 | J55: 14.610469 | K55: 15.349056 | L55: 15 | M55: =10*LOG10((10^(J55/10))+(10^(K55/10))) -> 18.005744 | N55: =10*LOG10((10^(L55/10))*2) -> 18.0103 | O55: -0.21 | P55: =O55+N55 -> 17.8003 | V55: 242T | W55: ='WLAN 5 GHz 802.11ax Ant1'!S55 -> 0 | X55: =$R$53 -> 0 | Y55: 14.5 | Z55: 14.5 | AA55: 14.981714 | AB55: 14.825388 | AC55: 15 | AD55: =10*LOG10((10^(AA55/10))+(10^(AB55/10))) -> 17.914554 | AE55: =10*LOG10((10^(AC55/10))*2) -> 18.0103 | AF55: -0.47 | AG55: =AF55+AE55 -> 17.5403
E56: 484T | F56: ='WLAN 5 GHz 802.11ax Ant1'!F56 -> 0 | G56: =$A$53 -> 0 | H56: 15.5 | I56: 15.5 | J56: 16.144392 | K56: 15.73608 | L56: 15 | M56: =10*LOG10((10^(J56/10))+(10^(K56/10))) -> 18.955333 | N56: =10*LOG10((10^(L56/10))*2) -> 18.0103 | O56: -0.21 | P56: =O56+N56 -> 17.8003 | V56: 484T | W56: ='WLAN 5 GHz 802.11ax Ant1'!S56 -> 0 | X56: =$R$53 -> 0 | Y56: 15.5 | Z56: 15.5 | AA56: 15.596518 | AB56: 15.484821 | AC56: 15 | AD56: =10*LOG10((10^(AA56/10))+(10^(AB56/10))) -> 18.551328 | AE56: =10*LOG10((10^(AC56/10))*2) -> 18.0103 | AF56: -0.47 | AG56: =AF56+AE56 -> 17.5403
E57: 996T | F57: ='WLAN 5 GHz 802.11ax Ant1'!F57 -> 0 | G57: =$A$53 -> 0 | H57: 14.5 | I57: 14.5 | J57: 15.171451 | K57: 15.275909 | L57: 15 | M57: =10*LOG10((10^(J57/10))+(10^(K57/10))) -> 18.234294 | N57: =10*LOG10((10^(L57/10))*2) -> 18.0103 | O57: -0.21 | P57: =O57+N57 -> 17.8003 | V57: 996T | W57: ='WLAN 5 GHz 802.11ax Ant1'!S57 -> 0 | X57: =$R$53 -> 0 | Y57: 14.5 | Z57: 14.5 | AA57: 15.310472 | AB57: 14.995356 | AC57: 15 | AD57: =10*LOG10((10^(AA57/10))+(10^(AB57/10))) -> 18.166071 | AE57: =10*LOG10((10^(AC57/10))*2) -> 18.0103 | AF57: -0.47 | AG57: =AF57+AE57 -> 17.5403
E58: 2x996T | F58: ='WLAN 5 GHz 802.11ax Ant1'!F58 -> 0 | G58: =$A$53 -> 0 | H58: 14.5 | I58: 14.5 | J58: 14.696771 | K58: 14.87301 | L58: 15 | M58: =10*LOG10((10^(J58/10))+(10^(K58/10))) -> 17.796084 | N58: =10*LOG10((10^(L58/10))*2) -> 18.0103 | O58: -0.21 | P58: =O58+N58 -> 17.8003 | V58: 2x996T | W58: ='WLAN 5 GHz 802.11ax Ant1'!S58 -> 0 | X58: =$R$53 -> 0 | Y58: 14.5 | Z58: 14.5 | AA58: 15.449739 | AB58: 14.992245 | AC58: 15 | AD58: =10*LOG10((10^(AA58/10))+(10^(AB58/10))) -> 18.237314 | AE58: =10*LOG10((10^(AC58/10))*2) -> 18.0103 | AF58: -0.47 | AG58: =AF58+AE58 -> 17.5403
E59: SU | F59: ='WLAN 5 GHz 802.11ax Ant1'!F59 -> X | G59: =$A$53 -> 0 | H59: 14.5 | I59: 14.5 | J59: 14.745033 | K59: 15.600626 | L59: 15 | M59: =10*LOG10((10^(J59/10))+(10^(K59/10))) -> 18.204165 | N59: =10*LOG10((10^(L59/10))*2) -> 18.0103 | O59: -0.21 | P59: =O59+N59 -> 17.8003 | V59: SU | W59: ='WLAN 5 GHz 802.11ax Ant1'!S59 -> X | X59: =$R$53 -> 0 | Y59: 14.5 | Z59: 14.5 | AA59: 14.792235 | AB59: 15.543275 | AC59: 15 | AD59: =10*LOG10((10^(AA59/10))+(10^(AB59/10))) -> 18.19427 | AE59: =10*LOG10((10^(AC59/10))*2) -> 18.0103 | AF59: -0.47 | AG59: =AF59+AE59 -> 17.5403

Sheet Target Power
B1: Tolerance | E1: Peak Gain | J1: Data | L1: Amount | M1: rest
B2: 1 | C2: -1 | E2: 2.4GHz | F2: 5.2GHz | G2: 5.5GHz | H2: 5.8GHz | J2: 43902 | L2: =SUM('WLAN 5 GHz Legacy'!#REF!,'WLAN 2.4 GHz Legacy'!#REF!) -> #REF! | M2: =SUM('WLAN 5 GHz Legacy'!BB2,'WLAN 2.4 GHz Legacy'!AA1) -> 0
C3: Main | D3: Aux | E3: -1.84 | F3: 0.64 | G3: -1.08 | H3: -1.43
D4: Main | E4: -0.23 | F4: 2.98 | G4: 2.41 | H4: 2.29
B5: 2.4GHz - 20MHz
B6: Central Freq. | C6: Control / Central Channel | D6: 20MHz CCK | G6: 20MHz OFDM
D7: SISO A | E7: SISO B | G7: SISO A | H7: SISO B | I7: MIMO 2
B8: 2412 | C8: 1 | D8: 14 | E8: 14 | G8: 14 | H8: 14 | I8: 11.5
B9: 2417 | C9: 2 | D9: 14 | E9: 14 | G9: 14 | H9: 14 | I9: 11.5
B10: 2422 | C10: 3 | D10: 14 | E10: 14 | G10: 14 | H10: 14 | I10: 11.5
B11: 2427 | C11: 4 | D11: 14 | E11: 14 | G11: 14 | H11: 14 | I11: 11.5
B12: 2432 | C12: 5 | D12: 14 | E12: 14 | G12: 14 | H12: 14 | I12: 11.5
B13: 2437 | C13: 6 | D13: 14 | E13: 14 | G13: 14 | H13: 14 | I13: 11.5
B14: 2442 | C14: 7 | D14: 14 | E14: 14 | G14: 14 | H14: 14 | I14: 11.5
B15: 2447 | C15: 8 | D15: 14 | E15: 14 | G15: 14 | H15: 14 | I15: 11.5
B16: 2452 | C16: 9 | D16: 14 | E16: 14 | G16: 14 | H16: 14 | I16: 11.5
B17: 2457 | C17: 10 | D17: 14 | E17: 14 | G17: 14 | H17: 14 | I17: 11.5
B18: 2462 | C18: 11 | D18: 14 | E18: 14 | G18: 14 | H18: 14 | I18: 11.5
B19: 2467 | C19: 12 | D19: 14 | E19: 14 | G19: 14 | H19: 14 | I19: 11.5
B20: 2472 | C20: 13 | D20: 14 | E20: 14 | G20: 14 | H20: 14 | I20: 11.5
B21: 2484 | C21: 14 | D21: NA | E21: NA | G21: NA | H21: NA | I21: NA
B24: 2.4GHz - 40MHz
B25: Central Freq. | C25: Central channel | D25: Control channel | E25: Extension channel offset | F25: 40MHz CCK | I25: 40MHz OFDM
F26: SISO A | G26: SISO B | I26: SISO A | J26: SISO B | K26: MIMO2
B27: 2422 | C27: 3F | D27: 1 | E27: Above | I27: 14 | J27: 14 | K27: 11.5
D28: 5 | E28: Below
B29: 2427 | C29: 4F | D29: 2 | E29: Above | I29: 14 | J29: 14 | K29: 11.5
D30: 6 | E30: Below
B31: 2432 | C31: 5F | D31: 3 | E31: Above | I31: 14 | J31: 14 | K31: 11.5
D32: 7 | E32: Below
B33: 2437 | C33: 6F | D33: 4 | E33: Above | I33: 14 | J33: 14 | K33: 11.5
D34: 8 | E34: Below
B35: 2442 | C35: 7F | D35: 5 | E35: Above | I35: 14 | J35: 14 | K35: 11.5
D36: 9 | E36: Below
B37: 2447 | C37: 8F | D37: 6 | E37: Above | I37: 14 | J37: 14 | K37: 11.5
D38: 10 | E38: Below
B39: 2452 | C39: 9F | D39: 7 | E39: Above | I39: 14 | J39: 14 | K39: 11.5
D40: 11 | E40: Below
B41: 2457 | C41: 10F | D41: 8 | E41: Above | I41: 14 | J41: 14 | K41: 11.5
D42: 12 | E42: Below
B43: 2462 | C43: 11F | D43: 9 | E43: Above | I43: 14 | J43: 14 | K43: 11.5
D44: 13 | E44: Below
B47: 5GHz - 20/40/80/160MHz
B48: Control Channel | C48: 20MHz | J48: 40MHz | R48: 80MHz | X48: 160MHz | AE48: Control channel
C49: Central Frequency | D49: Central Channel | E49: SISO A | F49: SISO B | H49: MIMO2 | J49: Central Frequency | K49: Central Channel | L49: SISO A | M49: SISO B | O49: MIMO2 | R49: Central Frequency | S49: Central Channel | T49: SISO A | U49: SISO B | V49: MIMO2 | X49: Central Frequency | Y49: Central Channel | Z49: SISO A | AA49: SISO B | AC49: MIMO2
B50: 36 | C50: 5180 | D50: 36 | E50: 10 | F50: 14 | H50: 9.5 | J50: 5190 | K50: 38F | L50: 10 | M50: 14 | O50: 9.5 | R50: 5210 | S50: 42ac80 | T50: 10 | U50: 14 | V50: 9.5 | X50: 5250 | Y50: 50AC160 | Z50: 10 | AA50: 14 | AC50: 9.5 | AE50: 36
B51: 40 | C51: 5200 | D51: 40 | E51: 10 | F51: 14 | H51: 9.5 | AE51: 40
B52: 44 | C52: 5220 | D52: 44 | E52: 10 | F52: 14 | H52: 9.5 | J52: 5230 | K52: 46F | L52: 10 | M52: 14 | O52: 9.5 | AE52: 44
B53: 48 | C53: 5240 | D53: 48 | E53: 10 | F53: 14 | H53: 9.5 | AE53: 48
B54: 52 | C54: 5260 | D54: 52 | E54: 10 | F54: 14 | H54: 9.5 | J54: 5270 | K54: 54F | L54: 10 | M54: 14 | O54: 9.5 | R54: 5290 | S54: 58ac80 | T54: 10 | U54: 14 | V54: 9.5 | AE54: 52
B55: 56 | C55: 5280 | D55: 56 | E55: 10 | F55: 14 | H55: 9.5 | AE55: 56
B56: 60 | C56: 5300 | D56: 60 | E56: 10 | F56: 14 | H56: 9.5 | J56: 5310 | K56: 62F | L56: 10 | M56: 14 | O56: 9.5 | AE56: 60
B57: 64 | C57: 5320 | D57: 64 | E57: 10 | F57: 14 | H57: 9.5 | AE57: 64
B58: 100 | C58: 5500 | D58: 100 | E58: 10 | F58: 14 | H58: 9.5 | J58: 5510 | K58: 102F | L58: 10 | M58: 14 | O58: 9.5 | R58: 5530 | S58: 106ac80 | T58: 10 | U58: 14 | V58: 9.5 | X58: 5570 | Y58: 114AC160 | Z58: 10 | AA58: 14 | AC58: 9.5 | AE58: 100
B59: 104 | C59: 5520 | D59: 104 | E59: 10 | F59: 14 | H59: 9.5 | AE59: 104
B60: 108 | C60: 5540 | D60: 108 | E60: 10 | F60: 14 | H60: 9.5 | J60: 5550 | K60: 110F | L60: 10 | M60: 14 | O60: 9.5 | AE60: 108
B61: 112 | C61: 5560 | D61: 112 | E61: 10 | F61: 14 | H61: 9.5 | AE61: 112
B62: 116 | C62: 5580 | D62: 116 | E62: 10 | F62: 14 | H62: 9.5 | J62: 5590 | K62: 118F | L62: 10 | M62: 14 | O62: 9.5 | R62: 5610 | S62: 122ac80 | T62: 10 | U62: 14 | V62: 9.5 | AE62: 116
B63: 120 | C63: 5600 | D63: 120 | E63: 10 | F63: 14 | H63: 9.5 | AE63: 120
B64: 124 | C64: 5620 | D64: 124 | E64: 10 | F64: 14 | H64: 9.5 | J64: 5630 | K64: 126F | L64: 10 | M64: 14 | O64: 9.5 | AE64: 124
B65: 128 | C65: 5640 | D65: 128 | E65: 10 | F65: 14 | H65: 9.5 | AE65: 128
B66: 132 | C66: 5660 | D66: 132 | E66: 10 | F66: 14 | H66: 9.5 | J66: 5670 | K66: 134F | L66: 10 | M66: 14 | O66: 9.5 | R66: 5690 | S66: 138ac80 | T66: 10 | U66: 14 | V66: 9.5 | X66: NA | Y66: NA | Z66: NA | AA66: NA | AC66: NA | AE66: 132
B67: 136 | C67: 5680 | D67: 136 | E67: 10 | F67: 14 | H67: 9.5 | AE67: 136
B68: 140 | C68: 5700 | D68: 140 | E68: 10 | F68: 14 | H68: 9.5 | J68: 5710 | K68: 142F | L68: 10 | M68: 14 | O68: 9.5 | AE68: 140
B69: 144 | C69: 5720 | D69: 144 | E69: 10 | F69: 14 | H69: 9.5 | AE69: 144
B70: 149 | C70: 5745 | D70: 149 | E70: 7.5 | F70: 7.5 | H70: 5 | J70: 5755 | K70: 151F | L70: 7.5 | M70: 7.5 | O70: 5 | R70: 5775 | S70: 155ac80 | T70: 7.5 | U70: 7.5 | V70: 5 | AE70: 149
B71: 153 | C71: 5765 | D71: 153 | E71: 7.5 | F71: 7.5 | H71: 5 | AE71: 153
B72: 157 | C72: 5785 | D72: 157 | E72: 7.5 | F72: 7.5 | H72: 5 | J72: 5795 | K72: 159F | L72: 7.5 | M72: 7.5 | O72: 5 | AE72: 157
B73: 161 | C73: 5805 | D73: 161 | E73: 7.5 | F73: 7.5 | H73: 5 | AE73: 161
B74: 165 | C74: 5825 | D74: 165 | E74: 7.5 | F74: 7.5 | H74: 5 | J74: NA | K74: NA | L74: NA | M74: NA | O74: NA | R74: NA | S74: NA | T74: NA | U74: NA | V74: NA | X74: NA | Y74: NA | Z74: NA | AA74: NA | AC74: NA | AE74: 165

Sheet Bluetooth,Ant
B2: BT Power for SAR
B3: Modulation | D3: Frequency | F3: Conducted Burst Power [dBm] | I3: E.I.R.P [dBm]
B4: DH1 | D4: 2402 | F4: 16.48 | I4: 10.02
D5: 2441 | F5: 18.09 | I5: 11.63
D6: 2480 | F6: 16.89 | I6: 10.43
B7: DH3 | D7: 2402 | F7: 16.11 | I7: 9.65
D8: 2441 | F8: 17.86 | I8: 11.4
D9: 2480 | F9: 16.6 | I9: 10.14
B10: DH5 | D10: 2402 | F10: 16.15 | I10: 9.69
D11: 2441 | F11: 17.83 | I11: 11.37
D12: 2480 | F12: 16.46 | I12: 10
B13: 2DH1 | D13: 2402 | F13: 10.83 | I13: 4.37
D14: 2441 | F14: 12.07 | I14: 5.61
D15: 2480 | F15: 11.18 | I15: 4.72
B16: 2DH3 | D16: 2402 | F16: 10.75 | I16: 4.29
D17: 2441 | F17: 11.81 | I17: 5.35
D18: 2480 | F18: 10.8 | I18: 4.34
B19: 2DH5 | D19: 2402 | F19: 10.8 | I19: 4.34
D20: 2441 | F20: 12.05 | I20: 5.59
D21: 2480 | F21: 10.83 | I21: 4.37
B22: 3DH1 | D22: 2402 | F22: 11.1 | I22: 4.64
D23: 2441 | F23: 12.15 | I23: 5.69
D24: 2480 | F24: 10.39 | I24: 3.93
B25: 3DH3 | D25: 2402 | F25: 10.73 | I25: 4.27
D26: 2441 | F26: 11.93 | I26: 5.47
D27: 2480 | F27: 10.88 | I27: 4.42
B28: 3DH5 | D28: 2402 | F28: 10.84 | I28: 4.38
D29: 2441 | F29: 12.1 | I29: 5.64
D30: 2480 | F30: 10.84 | I30: 4.38
B32: LE Power for SAR
B33: PHY | C33: Packet Length | D33: Frequency | F33: Conducted Burst Power [dBm] | I33: E.I.R.P [dBm]
B34: 1M | C34: 37 | D34: 2402 | F34: 6.07 | I34: -0.39
D35: 2440 | F35: 5.29 | I35: -1.17
D36: 2480 | F36: 7.5 | I36: 1.04
C37: 255 | D37: 2402 | F37: 6.01 | I37: -0.45
D38: 2440 | F38: 5.31 | I38: -1.15
D39: 2480 | F39: 7.55 | I39: 1.09
B40: 2M | C40: 37 | D40: 2402 | F40: 7.16 | I40: 0.7
D41: 2440 | F41: 6.37 | I41: -0.09
D42: 2480 | F42: 8.21 | I42: 1.75
C43: 255 | D43: 2402 | F43: 7.19 | I43: 0.73
D44: 2440 | F44: 6.45 | I44: -0.01
D45: 2480 | F45: 8.3 | I45: 1.84
B46: 125k | C46: 37 | D46: 2402 | F46: 6 | I46: -0.46
D47: 2440 | F47: 5.3 | I47: -1.16
D48: 2480 | F48: 7.47 | I48: 1.01
C49: 255 | D49: 2402 | F49: 6.01 | I49: -0.45
D50: 2440 | F50: 5.28 | I50: -1.18
D51: 2480 | F51: 7.54 | I51: 1.08
B52: 500k | C52: 37 | D52: 2402 | F52: 5.75 | I52: -0.71
D53: 2440 | F53: 5.13 | I53: -1.33
D54: 2480 | F54: 7.33 | I54: 0.87
C55: 255 | D55: 2402 | F55: 5.97 | I55: -0.49
D56: 2440 | F56: 5.23 | I56: -1.23
D57: 2480 | F57: 7.6 | I57: 1.14
B59: ANT+ Power
B60: Frequency | D60: Conducted Burst Power [dBm] | G60: E.I.R.P [dBm]
B62: 2402 | D62: 4.02 | G62: -2.44
B63: 2440 | D63: 6.03 | G63: -0.43
B64: 2480 | D64: 6.54 | G64: 0.08
